filename,label,start_time,end_time,duration,pre_phone,post_phone,word,vowel,stress,diph,boundaries,creak,flag,issues,order
JoanKim_UCmPgDOHAAM4lmNlU4CcuMYw_j1jJsP1U5Gg_1295_62734_62734_EY1.wav,EY1,0.11885185393891598,0.28999999999999915,0.17114814606108317,,ZH,asian,EY,1,1,2.0,1.0,0.0,4.0,1295.0
JoanKim_UCmPgDOHAAM4lmNlU4CcuMYw_j1jJsP1U5Gg_1315_68402_68402_OW1.wav,OW1,0.06923415749883419,0.20999999999999375,0.14076584250115956,N,DH,know,OW,1,1,1.0,1.0,0.0,1.0,1315.0
JoanKim_UCmPgDOHAAM4lmNlU4CcuMYw_j1jJsP1U5Gg_1334_73762_73762_UW1.wav,UW1,0.09999999999999432,0.3791615445300627,0.27916154453006836,T,,to,UW,1,0,1.0,1.0,0.0,1.0,1334.0
JoanKim_UCmPgDOHAAM4lmNlU4CcuMYw_j1jJsP1U5Gg_1352_77422_77422_UW1.wav,UW1,0.07706614274939418,0.14524553745589258,0.0681793947064984,Y,P,new,UW,1,0,1.0,1.0,0.0,1.0,1352.0
JoanKim_UCmPgDOHAAM4lmNlU4CcuMYw_j1jJsP1U5Gg_1366_80092_80092_EY1.wav,EY1,0.08600770271089764,0.15604992240937318,0.07004221969847554,M,K,making,EY,1,1,1.0,1.0,0.0,1.0,1366.0
JoanKim_UCmPgDOHAAM4lmNlU4CcuMYw_j1jJsP1U5Gg_1371_81342_81342_AO1.wav,AO1,0.09999999999999432,0.13999999999998636,0.03999999999999204,K,R,course,AO,1,0,1.0,1.0,0.0,1.0,1371.0
JoanKim_UCmPgDOHAAM4lmNlU4CcuMYw_j1jJsP1U5Gg_1382_83972_83972_OW1.wav,OW1,0.09999999999999432,0.16462094744354058,0.06462094744354627,D,N,don't,OW,1,1,1.0,1.0,0.0,1.0,1382.0
JoanKim_UCmPgDOHAAM4lmNlU4CcuMYw_j1jJsP1U5Gg_1408_90632_90632_EY1.wav,EY1,0.09999999999999432,0.28279019179475384,0.18279019179475953,R,D,grade,EY,1,1,1.0,1.0,0.0,1.0,1408.0
JoanKim_UCmPgDOHAAM4lmNlU4CcuMYw_j1jJsP1U5Gg_1432_96372_96372_AO1.wav,AO1,0.13034293752003906,0.17989408230672654,0.049551144786687484,Z,L,always,AO,1,0,1.0,1.0,0.0,1.0,1432.0
JoanKim_UCmPgDOHAAM4lmNlU4CcuMYw_j1jJsP1U5Gg_1441_99484_99484_UW1.wav,UW1,0.07163227827433527,0.3464748574615433,0.274842579187208,R,M,room,UW,1,0,1.0,1.0,0.0,1.0,1441.0
JoanKim_UCmPgDOHAAM4lmNlU4CcuMYw_j1jJsP1U5Gg_1444_100344_100344_OW1.wav,OW1,0.08684047976141748,0.3321124370388909,0.2452719572774734,G,T,go,OW,1,1,1.0,1.0,0.0,1.0,1444.0
JoanKim_UCmPgDOHAAM4lmNlU4CcuMYw_j1jJsP1U5Gg_1445_100834_100834_UW1.wav,UW1,0.09999999999999432,0.4017045661427408,0.3017045661427465,T,,to,UW,1,0,1.0,1.0,0.0,1.0,1445.0
JoanKim_UCmPgDOHAAM4lmNlU4CcuMYw_j1jJsP1U5Gg_1452_102924_102924_UW1.wav,UW1,0.0842727144000615,0.21999999999998465,0.13572728559992314,D,IY2,do,UW,1,0,1.0,1.0,0.0,1.0,1452.0
JoanKim_UCmPgDOHAAM4lmNlU4CcuMYw_j1jJsP1U5Gg_1456_103584_103584_AO1.wav,AO1,0.1105616867072946,0.14235389990376723,0.03179221319647263,K,R,courses,AO,1,0,1.0,1.0,1.0,1.0,1456.0
JoanKim_UCmPgDOHAAM4lmNlU4CcuMYw_j1jJsP1U5Gg_1477_107874_107874_AO1.wav,AO1,0.13285227151224502,0.20355682898564853,0.07070455747340351,AY1,L,also,AO,1,0,1.0,1.0,0.0,1.0,1477.0
JoanKim_UCmPgDOHAAM4lmNlU4CcuMYw_j1jJsP1U5Gg_1479_108514_108514_EY1.wav,EY1,0.09999999999999432,0.216383533161672,0.11638353316167768,HH,T,hated,EY,1,1,1.0,1.0,1.0,1.0,1479.0
JoanKim_UCmPgDOHAAM4lmNlU4CcuMYw_j1jJsP1U5Gg_1495_111814_111814_EY1.wav,EY1,0.09999999999999432,0.1599999999999966,0.060000000000002274,DH,W,they,EY,1,1,1.0,1.0,0.0,1.0,1495.0
JoanKim_UCmPgDOHAAM4lmNlU4CcuMYw_j1jJsP1U5Gg_1497_112044_112044_AO1.wav,AO1,0.13864772704285186,0.1958295549448394,0.05718182790198753,D,L,always,AO,1,0,1.0,1.0,0.0,1.0,1497.0
JoanKim_UCmPgDOHAAM4lmNlU4CcuMYw_j1jJsP1U5Gg_1504_116286_116286_OW1.wav,OW1,0.08895088672925423,0.14999999999999147,0.06104911327073724,S,DH,so,OW,1,1,1.0,1.0,0.0,1.0,1504.0
JoanKim_UCmPgDOHAAM4lmNlU4CcuMYw_j1jJsP1U5Gg_1509_117136_117136_OW1.wav,OW1,0.08571589986330937,0.18771591720198982,0.10200001733868046,M,T,motivated,OW,1,1,1.0,1.0,0.0,1.0,1509.0
JoanKim_UCmPgDOHAAM4lmNlU4CcuMYw_j1jJsP1U5Gg_1525_121324_121324_OW1.wav,OW1,0.08069317173678343,0.1541022751244701,0.07340910338768668,G,IH0,going,OW,1,1,1.0,1.0,1.0,1.0,1525.0
JoanKim_UCmPgDOHAAM4lmNlU4CcuMYw_j1jJsP1U5Gg_1533_122644_122644_EY1.wav,EY1,0.08604300860865231,0.20857549697005287,0.12253248836140056,L,T,later,EY,1,1,1.0,1.0,1.0,1.0,1533.0
JoanKim_UCmPgDOHAAM4lmNlU4CcuMYw_j1jJsP1U5Gg_1549_126554_126554_AO1.wav,AO1,0.14560024360852314,0.1848161593656302,0.03921591575710706,T,R,or,AO,1,0,1.0,1.0,0.0,1.0,1549.0
JoanKim_UCmPgDOHAAM4lmNlU4CcuMYw_j1jJsP1U5Gg_1560_128584_128584_AO1.wav,AO1,0.15863595841026035,0.26172607333683673,0.10309011492657638,D,L,always,AO,1,0,1.0,1.0,0.0,1.0,1560.0
JoanKim_UCmPgDOHAAM4lmNlU4CcuMYw_j1jJsP1U5Gg_1571_131758_131758_OW1.wav,OW1,0.06717044216536404,0.20394319268767858,0.13677275052231452,N,L,no,OW,1,1,1.0,1.0,0.0,1.0,1571.0
JoanKim_UCmPgDOHAAM4lmNlU4CcuMYw_j1jJsP1U5Gg_1572_131928_131928_AO1.wav,AO1,0.08562904749933138,0.19946835256483259,0.1138393050655012,L,NG,longer,AO,1,0,1.0,1.0,0.0,1.0,1572.0
JoanKim_UCmPgDOHAAM4lmNlU4CcuMYw_j1jJsP1U5Gg_1586_134778_134778_EY1.wav,EY1,0.09999999999999432,0.2594764728490607,0.1594764728490664,R,D,grades,EY,1,1,1.0,1.0,0.0,1.0,1586.0
JoanKim_UCmPgDOHAAM4lmNlU4CcuMYw_j1jJsP1U5Gg_1595_137436_137436_EY1.wav,EY1,0.09999999999999432,0.22999999999998977,0.12999999999999545,R,D,grade,EY,1,1,1.0,1.0,0.0,1.0,1595.0
JoanKim_UCmPgDOHAAM4lmNlU4CcuMYw_j1jJsP1U5Gg_1621_142970_142970_OW1.wav,OW1,0.08274147008931372,0.17001827063951808,0.08727680055020436,DH,Z,those,OW,1,1,1.0,1.0,1.0,1.0,1621.0
JoanKim_UCmPgDOHAAM4lmNlU4CcuMYw_j1jJsP1U5Gg_1630_145080_145080_AO1.wav,AO1,0.16204017806828924,0.22999999999998977,0.06795982193170053,AY1,L,also,AO,1,0,1.0,1.0,1.0,1.0,1630.0
JoanKim_UCmPgDOHAAM4lmNlU4CcuMYw_j1jJsP1U5Gg_1642_149260_149260_EY1.wav,EY1,0.09308643768043422,0.17000000000001592,0.0769135623195817,DH,W,they,EY,1,1,1.0,1.0,0.0,1.0,1642.0
JoanKim_UCmPgDOHAAM4lmNlU4CcuMYw_j1jJsP1U5Gg_1646_150190_150190_UW1.wav,UW1,0.08534412955464898,0.2959675419812677,0.2106234124266187,R,,through,UW,1,0,1.0,1.0,0.0,1.0,1646.0
JoanKim_UCmPgDOHAAM4lmNlU4CcuMYw_j1jJsP1U5Gg_1647_150340_150340_EY1.wav,EY1,0.13019480012830348,0.21999999999999886,0.08980519987169538,,M,a,EY,1,1,1.0,1.0,0.0,1.0,1647.0
JoanKim_UCmPgDOHAAM4lmNlU4CcuMYw_j1jJsP1U5Gg_1654_152516_152516_EY1.wav,EY1,0.13153124431073757,0.22999999999998977,0.0984687556892522,,B,a,EY,1,1,1.0,1.0,0.0,1.0,1654.0
JoanKim_UCmPgDOHAAM4lmNlU4CcuMYw_j1jJsP1U5Gg_1667_155216_155216_OW1.wav,OW1,0.07953408063065802,0.17728409724688846,0.09775001661623044,N,IH0,knowing,OW,1,1,1.0,1.0,0.0,1.0,1667.0
JoanKim_UCmPgDOHAAM4lmNlU4CcuMYw_j1jJsP1U5Gg_1676_157366_157366_EY1.wav,EY1,0.09010591769325525,0.1795215173083304,0.08941559961507516,M,D,made,EY,1,1,1.0,1.0,0.0,1.0,1676.0
JoanKim_UCmPgDOHAAM4lmNlU4CcuMYw_j1jJsP1U5Gg_1682_158406_158406_OW1.wav,OW1,0.08153692273014387,0.1699999999999875,0.08846307726984362,N,IH0,knowing,OW,1,1,1.0,1.0,1.0,1.0,1682.0
JoanKim_UCmPgDOHAAM4lmNlU4CcuMYw_j1jJsP1U5Gg_1684_158886_158886_UW1.wav,UW1,0.11606410400899499,0.3382232326822715,0.22215912867327653,HH,,who,UW,1,0,1.0,1.0,0.0,1.0,1684.0
JoanKim_UCmPgDOHAAM4lmNlU4CcuMYw_j1jJsP1U5Gg_1701_164778_164778_OW1.wav,OW1,0.13220655720176705,0.3533583805090051,0.22115182330723804,,JH,o,OW,1,1,1.0,1.0,0.0,1.0,1701.0
JoanKim_UCmPgDOHAAM4lmNlU4CcuMYw_j1jJsP1U5Gg_1703_165258_165258_EY1.wav,EY1,0.10638432785141609,0.16520820148707668,0.05882387363566059,K,P,kpop,EY,1,1,1.0,1.0,1.0,1.0,1703.0
JoanKim_UCmPgDOHAAM4lmNlU4CcuMYw_j1jJsP1U5Gg_1718_173358_173358_OW1.wav,OW1,0.07107950654101831,0.5,0.4289204934589817,DH,Z,those,OW,1,1,1.0,1.0,0.0,1.0,1718.0
JoanKim_UCmPgDOHAAM4lmNlU4CcuMYw_j1jJsP1U5Gg_1721_175838_175838_OW1.wav,OW1,0.07147766777345545,0.1843648622874997,0.11288719451404426,DH,Z,those,OW,1,1,1.0,1.0,0.0,1.0,1721.0
JoanKim_UCmPgDOHAAM4lmNlU4CcuMYw_j1jJsP1U5Gg_1729_178104_178104_UW1.wav,UW1,0.1110852138582318,0.24741640586394034,0.13633119200570853,T,HH,to,UW,1,0,1.0,1.0,0.0,1.0,1729.0
JoanKim_UCmPgDOHAAM4lmNlU4CcuMYw_j1jJsP1U5Gg_1730_178404_178404_EY1.wav,EY1,0.08749796270449142,0.18287460229391497,0.09537663958942355,HH,T,hate,EY,1,1,1.0,1.0,0.0,1.0,1730.0
JoanKim_UCmPgDOHAAM4lmNlU4CcuMYw_j1jJsP1U5Gg_1735_179724_179724_OW1.wav,OW1,0.07334049276542866,0.16201096238371152,0.08867046961828286,N,IH0,knowing,OW,1,1,1.0,1.0,0.0,1.0,1735.0
JoanKim_UCmPgDOHAAM4lmNlU4CcuMYw_j1jJsP1U5Gg_1737_179984_179984_UW1.wav,UW1,0.11894317823878253,0.16453409507955405,0.04559091684077152,HH,B,who,UW,1,0,1.0,1.0,0.0,1.0,1737.0
JoanKim_UCmPgDOHAAM4lmNlU4CcuMYw_j1jJsP1U5Gg_1757_184506_184506_OW1.wav,OW1,0.09191516614794656,0.21531697283893922,0.12340180669099265,G,IH0,going,OW,1,1,1.0,1.0,0.0,1.0,1757.0
JoanKim_UCmPgDOHAAM4lmNlU4CcuMYw_j1jJsP1U5Gg_1759_185036_185036_UW1.wav,UW1,0.09999999999999432,0.30999999999997385,0.20999999999997954,T,L,to,UW,1,0,1.0,1.0,0.0,1.0,1759.0
JoanKim_UCmPgDOHAAM4lmNlU4CcuMYw_j1jJsP1U5Gg_1777_190565_190565_OW1.wav,OW1,0.07941557071726377,0.1809740295393201,0.10155845882205633,N,AY0,no,OW,1,1,1.0,1.0,0.0,1.0,1777.0
JoanKim_UCmPgDOHAAM4lmNlU4CcuMYw_j1jJsP1U5Gg_1788_192795_192795_EY1.wav,EY1,0.07757263464211295,0.1708104751666634,0.09323784052455045,R,D,grade,EY,1,1,1.0,1.0,0.0,1.0,1788.0
JoanKim_UCmPgDOHAAM4lmNlU4CcuMYw_j1jJsP1U5Gg_1793_194355_194355_EY1.wav,EY1,0.14994642346270265,0.2408522830713648,0.09090585960866215,,K,a,EY,1,1,1.0,1.0,1.0,1.0,1793.0
JoanKim_UCmPgDOHAAM4lmNlU4CcuMYw_j1jJsP1U5Gg_1797_195095_195095_UW1.wav,UW1,0.042035294338625524,0.18761161778600197,0.14557632344737645,M,V,moved,UW,1,0,1.0,1.0,0.0,1.0,1797.0
JoanKim_UCmPgDOHAAM4lmNlU4CcuMYw_j1jJsP1U5Gg_1798_195595_195595_UW1.wav,UW1,0.09999999999999432,0.25697646562460025,0.15697646562460593,T,AA1,to,UW,1,0,1.0,1.0,0.0,1.0,1798.0
JoanKim_UCmPgDOHAAM4lmNlU4CcuMYw_j1jJsP1U5Gg_1810_198397_198397_UW1.wav,UW1,0.09999999999999432,0.18081453530878255,0.08081453530878824,K,L,cool,UW,1,0,1.0,1.0,0.0,1.0,1810.0
JoanKim_UCmPgDOHAAM4lmNlU4CcuMYw_j1jJsP1U5Gg_1835_203563_203563_UW1.wav,UW1,0.07421184116608177,0.17897159923362382,0.10475975806754205,Y,HH,knew,UW,1,0,1.0,1.0,0.0,1.0,1835.0
JoanKim_UCmPgDOHAAM4lmNlU4CcuMYw_j1jJsP1U5Gg_1839_204353_204353_OW1.wav,OW1,0.08189121708900478,0.21750487650520567,0.1356136594162009,B,TH,both,OW,1,1,1.0,1.0,0.0,1.0,1839.0
JoanKim_UCmPgDOHAAM4lmNlU4CcuMYw_j1jJsP1U5Gg_1854_208513_208513_UW1.wav,UW1,0.07707426303363073,0.13547037685631697,0.05839611382268624,D,IH0,doing,UW,1,0,1.0,1.0,1.0,1.0,1854.0
JoanKim_UCmPgDOHAAM4lmNlU4CcuMYw_j1jJsP1U5Gg_1875_214118_214118_EY1.wav,EY1,0.08634455001777279,0.21000000000000796,0.12365544998223517,R,Z,praising,EY,1,1,1.0,1.0,0.0,1.0,1875.0
JoanKim_UCmPgDOHAAM4lmNlU4CcuMYw_j1jJsP1U5Gg_1879_215600_215600_OW1.wav,OW1,0.07245290379630788,0.2264464364667313,0.15399353267042343,N,IH0,knowing,OW,1,1,1.0,1.0,0.0,1.0,1879.0
JoanKim_UCmPgDOHAAM4lmNlU4CcuMYw_j1jJsP1U5Gg_1897_219320_219320_OW1.wav,OW1,0.11102881256014355,0.2138291547101983,0.10280034215005476,HH,L,whole,OW,1,1,1.0,1.0,0.0,1.0,1897.0
JoanKim_UCmPgDOHAAM4lmNlU4CcuMYw_j1jJsP1U5Gg_1917_223678_223678_EY1.wav,EY1,0.09437945568087312,0.16400771427002236,0.06962825858914924,L,T,translate,EY,1,1,1.0,1.0,0.0,1.0,1917.0
JoanKim_UCmPgDOHAAM4lmNlU4CcuMYw_j1jJsP1U5Gg_1922_225138_225138_UW1.wav,UW1,0.09345900267882057,0.16387378737569225,0.07041478469687168,D,HH,do,UW,1,0,1.0,1.0,1.0,1.0,1922.0
JoanKim_UCmPgDOHAAM4lmNlU4CcuMYw_j1jJsP1U5Gg_1932_228134_228134_EY1.wav,EY1,0.08958683358040852,0.27520699500356555,0.18562016142315702,L,T,later,EY,1,1,1.0,1.0,0.0,1.0,1932.0
JoanKim_UCmPgDOHAAM4lmNlU4CcuMYw_j1jJsP1U5Gg_1945_231574_231574_UW1.wav,UW1,0.08591028819784524,0.2516741150768516,0.16576382687900637,D,,do,UW,1,0,1.0,1.0,1.0,1.0,1945.0
JoanKim_UCmPgDOHAAM4lmNlU4CcuMYw_j1jJsP1U5Gg_1964_237358_237358_EY1.wav,EY1,0.10387499385920551,0.19621591864686985,0.09234092478766434,L,N,explain,EY,1,1,1.0,1.0,0.0,1.0,1964.0
JoanKim_UCmPgDOHAAM4lmNlU4CcuMYw_j1jJsP1U5Gg_2002_244478_244478_OW1.wav,OW1,0.09999999999999432,0.3400000000000034,0.2400000000000091,HH,M,home,OW,1,1,1.0,1.0,0.0,1.0,2002.0
JoanKim_UCmPgDOHAAM4lmNlU4CcuMYw_j1jJsP1U5Gg_2005_245748_245748_OW1.wav,OW1,0.09999999999999432,0.1459435929223422,0.0459435929223479,T,L,told,OW,1,1,1.0,1.0,0.0,1.0,2005.0
JoanKim_UCmPgDOHAAM4lmNlU4CcuMYw_j1jJsP1U5Gg_2012_246918_246918_EY1.wav,EY1,0.15049551794987118,0.40595091851684156,0.25545540056697036,,B,abe,EY,1,1,1.0,1.0,0.0,1.0,2012.0
JoanKim_UCmPgDOHAAM4lmNlU4CcuMYw_j1jJsP1U5Gg_2019_248398_248398_OW1.wav,OW1,0.15600446615632707,0.21522850219767242,0.05922403604134535,,N,only,OW,1,1,1.0,1.0,0.0,1.0,2019.0
JoanKim_UCmPgDOHAAM4lmNlU4CcuMYw_j1jJsP1U5Gg_2025_250323_250323_OW1.wav,OW1,0.09306775524712108,0.3300000000000125,0.23693224475289143,HH,M,home,OW,1,1,1.0,1.0,0.0,1.0,2025.0
JoanKim_UCmPgDOHAAM4lmNlU4CcuMYw_j1jJsP1U5Gg_2030_251997_251997_UW1.wav,UW1,0.09999999999999432,0.15165625623108325,0.05165625623108894,D,IH0,doing,UW,1,0,1.0,1.0,0.0,1.0,2030.0
JoanKim_UCmPgDOHAAM4lmNlU4CcuMYw_j1jJsP1U5Gg_2072_262688_262688_OW1.wav,OW1,0.08865581842929185,0.3423311862261614,0.2536753677968695,B,TH,both,OW,1,1,1.0,1.0,0.0,1.0,2072.0
JoanKim_UCmPgDOHAAM4lmNlU4CcuMYw_j1jJsP1U5Gg_2086_265798_265798_UW1.wav,UW1,0.0955799428979368,0.1824151849315395,0.0868352420336027,T,M,to,UW,1,0,1.0,1.0,0.0,1.0,2086.0
JoanKim_UCmPgDOHAAM4lmNlU4CcuMYw_j1jJsP1U5Gg_2087_265938_265938_UW1.wav,UW1,0.04724146575465556,0.14499148237090329,0.09775001661624773,M,V,move,UW,1,0,1.0,1.0,1.0,1.0,2087.0
JoanKim_UCmPgDOHAAM4lmNlU4CcuMYw_j1jJsP1U5Gg_2105_270358_270358_UW1.wav,UW1,0.07628447147353587,0.35000000000002274,0.27371552852648684,M,V,moved,UW,1,0,1.0,1.0,0.0,1.0,2105.0
JoanKim_UCmPgDOHAAM4lmNlU4CcuMYw_j1jJsP1U5Gg_2109_271874_271874_EY1.wav,EY1,0.10603123997608574,0.22761161778605146,0.12158037780996572,K,M,came,EY,1,1,1.0,1.0,1.0,1.0,2109.0
JoanKim_UCmPgDOHAAM4lmNlU4CcuMYw_j1jJsP1U5Gg_2114_273814_273814_UW1.wav,UW1,0.10000000000002274,0.19201908266801246,0.09201908266798972,T,Y,two,UW,1,0,1.0,1.0,0.0,1.0,2114.0
JoanKim_UCmPgDOHAAM4lmNlU4CcuMYw_j1jJsP1U5Gg_2135_277484_277484_EY1.wav,EY1,0.10578327510426826,0.13771347533719044,0.03193020023292219,K,SH,education,EY,1,1,1.0,1.0,0.0,1.0,2135.0
JoanKim_UCmPgDOHAAM4lmNlU4CcuMYw_j1jJsP1U5Gg_2163_282924_282924_OW1.wav,OW1,0.13295089250886807,0.17000000000007276,0.037049107491204686,UW1,N,only,OW,1,1,1.0,1.0,1.0,1.0,2163.0
JoanKim_UCmPgDOHAAM4lmNlU4CcuMYw_j1jJsP1U5Gg_2169_284244_284244_OW1.wav,OW1,0.10000000000002274,0.28000000000002956,0.18000000000000682,HH,M,home,OW,1,1,1.0,1.0,0.0,1.0,2169.0
JoanKim_UCmPgDOHAAM4lmNlU4CcuMYw_j1jJsP1U5Gg_2186_286844_286844_EY1.wav,EY1,0.08007587842114924,0.2216919739226449,0.14161609550149565,R,S,embrace,EY,1,1,1.0,1.0,0.0,1.0,2186.0
JoanKim_UCmPgDOHAAM4lmNlU4CcuMYw_j1jJsP1U5Gg_2192_288694_288694_OW1.wav,OW1,0.10000000000002274,0.31137501553261077,0.21137501553258803,HH,M,home,OW,1,1,1.0,1.0,0.0,1.0,2192.0
JoanKim_UCmPgDOHAAM4lmNlU4CcuMYw_j1jJsP1U5Gg_2227_296634_296634_EY1.wav,EY1,0.08726135467148446,0.15410227512449357,0.0668409204530091,M,SH,information,EY,1,1,1.0,1.0,0.0,1.0,2227.0
JoanKim_UCmPgDOHAAM4lmNlU4CcuMYw_j1jJsP1U5Gg_2233_297644_297644_UW1.wav,UW1,0.10000000000002274,0.16784984409635298,0.06784984409633024,K,L,school,UW,1,0,1.0,1.0,0.0,1.0,2233.0
JoanKim_UCmPgDOHAAM4lmNlU4CcuMYw_j1jJsP1U5Gg_2263_303168_303168_EY1.wav,EY1,0.10000000000002274,0.17721307365763703,0.07721307365761429,D,SH,foundation,EY,1,1,1.0,1.0,0.0,1.0,2263.0
JoanKim_UCmPgDOHAAM4lmNlU4CcuMYw_j1jJsP1U5Gg_2267_303828_303828_OW1.wav,OW1,0.10000000000002274,0.1300000000000523,0.03000000000002956,G,IH0,going,OW,1,1,2.0,1.0,0.0,1.0,2267.0
JoanKim_UCmPgDOHAAM4lmNlU4CcuMYw_j1jJsP1U5Gg_2295_311132_311132_OW1.wav,OW1,0.09182425364186157,0.2271205428742715,0.13529628923240994,B,TH,both,OW,1,1,1.0,1.0,0.0,1.0,2295.0
JoanKim_UCmPgDOHAAM4lmNlU4CcuMYw_j1jJsP1U5Gg_2305_313582_313582_UW1.wav,UW1,0.04167246790176497,0.1657366123677079,0.12406414446594292,M,V,moved,UW,1,0,1.0,1.0,0.0,1.0,2305.0
JoanKim_UCmPgDOHAAM4lmNlU4CcuMYw_j1jJsP1U5Gg_2384_331528_331528_UW1.wav,UW1,0.10000000000002274,0.17179627333862427,0.07179627333860153,R,DH,through,UW,1,0,1.0,1.0,0.0,1.0,2384.0
JoanKim_UCmPgDOHAAM4lmNlU4CcuMYw_j1jJsP1U5Gg_2398_333728_333728_UW1.wav,UW1,0.08999755813518313,0.16677354521209717,0.07677598707691403,Y,DH,knew,UW,1,0,1.0,1.0,0.0,1.0,2398.0
JoanKim_UCmPgDOHAAM4lmNlU4CcuMYw_j1jJsP1U5Gg_2434_341840_341840_UW1.wav,UW1,0.07791192381383491,0.1500000000000341,0.0720880761861992,Y,F,knew,UW,1,0,1.0,1.0,0.0,1.0,2434.0
JoanKim_UCmPgDOHAAM4lmNlU4CcuMYw_QLPBJgjADM_0001_465_465_AY1.wav,AY1,0.03869194791458964,0.15642248740777986,0.11773053949319023,HH,EH1,hi,AY,1,1,1.0,1.0,0.0,1.0,1.0
JoanKim_UCmPgDOHAAM4lmNlU4CcuMYw_QLPBJgjADM_0002_505_505_EH1.wav,EH1,0.10360714007056844,0.16454221536380895,0.06093507529324051,AY1,V,everyone,EH,1,0,1.0,1.0,1.0,2.0,2.0
JoanKim_UCmPgDOHAAM4lmNlU4CcuMYw_QLPBJgjADM_0003_665_665_IY0.wav,IY0,0.08153692273014934,0.14934375243825254,0.0678068297081032,R,W,everyone,IY,0,0,1.0,1.0,1.0,1.0,3.0
JoanKim_UCmPgDOHAAM4lmNlU4CcuMYw_QLPBJgjADM_0004_845_845_AH2.wav,AH2,0.1165044560420983,0.25220090768017056,0.13569645163807226,W,N,everyone,AH,2,0,1.0,1.0,1.0,1.0,4.0
JoanKim_UCmPgDOHAAM4lmNlU4CcuMYw_QLPBJgjADM_0005_1005_1005_EH1.wav,EH1,0.10757710657800823,0.16677354521206664,0.05919643863405841,W,L,welcome,EH,1,0,1.0,1.0,0.0,1.0,5.0
JoanKim_UCmPgDOHAAM4lmNlU4CcuMYw_QLPBJgjADM_0006_1105_1105_AH0.wav,AH0,0.10405072865824588,0.13800933832687473,0.03395860966862885,K,M,welcome,AH,0,0,1.0,1.0,1.0,1.0,6.0
JoanKim_UCmPgDOHAAM4lmNlU4CcuMYw_QLPBJgjADM_0007_1285_1285_AE1.wav,AE1,0.08517572035012592,0.18161486012015723,0.09643913977003131,B,K,back,AE,1,0,1.0,1.0,0.0,1.0,7.0
JoanKim_UCmPgDOHAAM4lmNlU4CcuMYw_QLPBJgjADM_0008_1425_1425_IH0.wav,IH0,0.07040948917343604,0.11515868509190957,0.04474919591847354,T,M,to,IH,0,0,1.0,1.0,0.0,3.0,8.0
JoanKim_UCmPgDOHAAM4lmNlU4CcuMYw_QLPBJgjADM_0009_1545_1545_AY1.wav,AY1,0.10000000000000009,0.1972211939418634,0.09722119394186332,M,CH,my,AY,1,1,1.0,1.0,0.0,1.0,9.0
JoanKim_UCmPgDOHAAM4lmNlU4CcuMYw_QLPBJgjADM_0010_1775_1775_AE1.wav,AE1,0.07983359196872108,0.2114732247353685,0.13163963276664742,CH,N,channel,AE,1,0,1.0,1.0,1.0,4.0,10.0
JoanKim_UCmPgDOHAAM4lmNlU4CcuMYw_QLPBJgjADM_0011_2005_2005_AH0.wav,AH0,0.10000000000000009,0.16089853401416582,0.06089853401416573,N,L,channel,AH,0,0,1.0,1.0,0.0,1.0,11.0
JoanKim_UCmPgDOHAAM4lmNlU4CcuMYw_QLPBJgjADM_0012_2205_2205_UW0.wav,UW0,0.10426947784549506,0.1334123399422623,0.029142862096767225,T,D,today,UW,0,0,1.0,1.0,1.0,3.0,12.0
JoanKim_UCmPgDOHAAM4lmNlU4CcuMYw_QLPBJgjADM_0013_2495_2495_EY1.wav,EY1,0.08855354908437292,0.30894644369117485,0.22039289460680195,D,AY1,today,EY,1,1,1.0,1.0,0.0,1.0,13.0
JoanKim_UCmPgDOHAAM4lmNlU4CcuMYw_QLPBJgjADM_0014_2565_2565_AY1.wav,AY1,0.09047848269165765,0.17000000000000037,0.07952151730834273,EY1,W,today,AY,1,1,2.0,4.0,1.0,1.0,14.0
JoanKim_UCmPgDOHAAM4lmNlU4CcuMYw_QLPBJgjADM_0015_2625_2625_AH0.wav,AH0,0.10000000000000009,0.13000000000000034,0.03000000000000025,W,L,will,AH,0,0,2.0,1.0,0.0,1.0,15.0
JoanKim_UCmPgDOHAAM4lmNlU4CcuMYw_QLPBJgjADM_0016_2735_2735_IY0.wav,IY0,0.07687702104049464,0.14759537721754584,0.0707183561770512,B,F,be,IY,0,0,1.0,1.0,1.0,4.0,16.0
JoanKim_UCmPgDOHAAM4lmNlU4CcuMYw_QLPBJgjADM_0017_2865_2865_IH1.wav,IH1,0.1133173672940382,0.14058360569518027,0.027266238401142076,F,L,filming,IH,1,0,1.0,1.0,1.0,1.0,17.0
JoanKim_UCmPgDOHAAM4lmNlU4CcuMYw_QLPBJgjADM_0018_3005_3005_IH0.wav,IH0,0.10619926628463781,0.1751927845061512,0.06899351822151338,M,NG,filming,IH,0,0,1.0,1.0,0.0,1.0,18.0
JoanKim_UCmPgDOHAAM4lmNlU4CcuMYw_QLPBJgjADM_0019_3245_3245_EY1.wav,EY1,0.0829224715139851,0.1530750808416198,0.0701526093276347,NG,spn,filming,EY,1,1,1.0,4.0,0.0,1.0,19.0
JoanKim_UCmPgDOHAAM4lmNlU4CcuMYw_QLPBJgjADM_0020_4065_4065_IH0.wav,IH0,0.07923456929261033,0.14740016529546526,0.06816559600285493,spn,T,<unk>,IH,0,0,1.0,4.0,0.0,1.0,20.0
JoanKim_UCmPgDOHAAM4lmNlU4CcuMYw_QLPBJgjADM_0021_4285_4285_IH0.wav,IH0,0.10650080769375249,0.16000000000000014,0.05349919230624765,B,N,been,IH,0,0,1.0,1.0,0.0,1.0,21.0
JoanKim_UCmPgDOHAAM4lmNlU4CcuMYw_QLPBJgjADM_0022_4395_4395_AH0.wav,AH0,0.09999999999999964,0.15828531239975993,0.058285312399760286,N,W,a,AH,0,0,1.0,1.0,0.0,1.0,22.0
JoanKim_UCmPgDOHAAM4lmNlU4CcuMYw_QLPBJgjADM_0023_4595_4595_AY1.wav,AY1,0.07222847618965045,0.18986242475733042,0.11763394856767997,W,L,while,AY,1,1,1.0,1.0,0.0,1.0,23.0
JoanKim_UCmPgDOHAAM4lmNlU4CcuMYw_QLPBJgjADM_0024_4785_4785_IH1.wav,IH1,0.09999999999999964,0.13832670851069334,0.0383267085106937,S,N,since,IH,1,0,3.0,1.0,0.0,3.0,24.0
JoanKim_UCmPgDOHAAM4lmNlU4CcuMYw_QLPBJgjADM_0025_5005_5005_AY1.wav,AY1,0.09999999999999964,0.16999999999999993,0.07000000000000028,S,F,i,AY,1,1,1.0,4.0,0.0,1.0,25.0
JoanKim_UCmPgDOHAAM4lmNlU4CcuMYw_QLPBJgjADM_0026_5155_5155_IH1.wav,IH1,0.11546996506254921,0.1509878282429842,0.035517863180435,F,L,filmed,IH,1,0,1.0,1.0,0.0,1.0,26.0
JoanKim_UCmPgDOHAAM4lmNlU4CcuMYw_QLPBJgjADM_0027_5385_5385_AH1.wav,AH1,0.08999755813516622,0.15999999999999925,0.07000244186483304,W,N,one,AH,1,0,1.0,1.0,0.0,1.0,27.0
JoanKim_UCmPgDOHAAM4lmNlU4CcuMYw_QLPBJgjADM_0028_5505_5505_AH0.wav,AH0,0.08936078769646882,0.15344196742061023,0.0640811797241414,N,V,one,AH,0,0,1.0,1.0,0.0,1.0,28.0
JoanKim_UCmPgDOHAAM4lmNlU4CcuMYw_QLPBJgjADM_0029_5745_5745_IY1.wav,IY1,0.09182425364184613,0.2699999999999996,0.17817574635815345,DH,Z,these,IY,1,0,1.0,1.0,0.0,1.0,29.0
JoanKim_UCmPgDOHAAM4lmNlU4CcuMYw_QLPBJgjADM_0030_6125_6125_AE1.wav,AE1,0.16201096238372217,0.19218872725381203,0.030177764870089857,,N,and,AE,1,0,1.0,1.0,0.0,1.0,30.0
JoanKim_UCmPgDOHAAM4lmNlU4CcuMYw_QLPBJgjADM_0031_6275_6275_AY1.wav,AY1,0.07594844775420641,0.16999999999999904,0.09405155224579263,D,R,and,AY,1,1,1.0,1.0,0.0,1.0,31.0
JoanKim_UCmPgDOHAAM4lmNlU4CcuMYw_QLPBJgjADM_0032_6405_6405_IH0.wav,IH0,0.09550527096030306,0.15000000000000036,0.05449472903969729,R,S,received,IH,0,0,1.0,1.0,1.0,3.0,32.0
JoanKim_UCmPgDOHAAM4lmNlU4CcuMYw_QLPBJgjADM_0033_6645_6645_IY1.wav,IY1,0.09999999999999964,0.1999999999999993,0.09999999999999964,S,V,received,IY,1,0,1.0,2.0,0.0,1.0,33.0
JoanKim_UCmPgDOHAAM4lmNlU4CcuMYw_QLPBJgjADM_0034_6955_6955_AH0.wav,AH0,0.13106979687730255,0.18620941663993587,0.05513961976263332,,L,a,AH,0,0,1.0,4.0,0.0,1.0,34.0
JoanKim_UCmPgDOHAAM4lmNlU4CcuMYw_QLPBJgjADM_0035_7115_7115_AA1.wav,AA1,0.0910105419206061,0.21644075804731713,0.125430216126711,L,T,lot,AA,1,0,1.0,1.0,0.0,1.0,35.0
JoanKim_UCmPgDOHAAM4lmNlU4CcuMYw_QLPBJgjADM_0036_7205_7205_AH0.wav,AH0,0.08903570902218458,0.12579545553060675,0.036759746508422175,T,V,lot,AH,0,0,1.0,1.0,0.0,3.0,36.0
JoanKim_UCmPgDOHAAM4lmNlU4CcuMYw_QLPBJgjADM_0037_7435_7435_EH1.wav,EH1,0.09143262331417369,0.1373547090424127,0.04592208572823901,W,S,questions,EH,1,0,1.0,1.0,0.0,1.0,37.0
JoanKim_UCmPgDOHAAM4lmNlU4CcuMYw_QLPBJgjADM_0038_7615_7615_AH0.wav,AH0,0.09999999999999964,0.14632386641120992,0.04632386641121028,CH,N,questions,AH,0,0,1.0,1.0,0.0,4.0,38.0
JoanKim_UCmPgDOHAAM4lmNlU4CcuMYw_QLPBJgjADM_0039_7885_7885_AA1.wav,AA1,0.14867897279849254,0.2684517204310395,0.11977274763254694,Z,N,on,AA,1,0,1.0,1.0,0.0,1.0,39.0
JoanKim_UCmPgDOHAAM4lmNlU4CcuMYw_QLPBJgjADM_0040_8005_8005_IH1.wav,IH1,0.09481533577808761,0.17001827063953678,0.07520293486144917,N,N,on,IH,1,0,1.0,1.0,0.0,1.0,40.0
JoanKim_UCmPgDOHAAM4lmNlU4CcuMYw_QLPBJgjADM_0041_8245_8245_AH0.wav,AH0,0.10895900701349814,0.1410409929865018,0.03208198597300366,T,G,instagram,AH,0,0,1.0,1.0,1.0,4.0,41.0
JoanKim_UCmPgDOHAAM4lmNlU4CcuMYw_QLPBJgjADM_0042_8465_8465_AE2.wav,AE2,0.0805823703138586,0.2597585371351274,0.1791761668212688,R,M,instagram,AE,2,0,1.0,1.0,0.0,1.0,42.0
JoanKim_UCmPgDOHAAM4lmNlU4CcuMYw_QLPBJgjADM_0043_8695_8695_OW1.wav,OW1,0.08605518903501491,0.1399999999999988,0.05394481096498388,S,AY1,so,OW,1,1,1.0,1.0,0.0,1.0,43.0
JoanKim_UCmPgDOHAAM4lmNlU4CcuMYw_QLPBJgjADM_0044_8745_8745_AY1.wav,AY1,0.09999999999999964,0.16725852991067686,0.06725852991067721,OW1,M,i'm,AY,1,1,1.0,1.0,1.0,1.0,44.0
JoanKim_UCmPgDOHAAM4lmNlU4CcuMYw_QLPBJgjADM_0045_8865_8865_AA1.wav,AA1,0.09999999999999964,0.129999999999999,0.02999999999999936,G,N,gonna,AA,1,0,1.0,1.0,0.0,2.0,45.0
JoanKim_UCmPgDOHAAM4lmNlU4CcuMYw_QLPBJgjADM_0046_8955_8955_AH0.wav,AH0,0.09654017373362508,0.14999999999999858,0.053459826266373495,N,T,gonna,AH,0,0,1.0,1.0,0.0,1.0,46.0
JoanKim_UCmPgDOHAAM4lmNlU4CcuMYw_QLPBJgjADM_0047_9205_9205_AY1.wav,AY1,0.08067166454267716,0.14999999999999858,0.06932833545732142,R,M,try,AY,1,1,1.0,1.0,0.0,1.0,47.0
JoanKim_UCmPgDOHAAM4lmNlU4CcuMYw_QLPBJgjADM_0048_9325_9325_AY1.wav,AY1,0.09999999999999964,0.16892614298057765,0.068926142980578,M,B,my,AY,1,1,1.0,1.0,0.0,1.0,48.0
JoanKim_UCmPgDOHAAM4lmNlU4CcuMYw_QLPBJgjADM_0049_9495_9495_EH1.wav,EH1,0.08494317245923222,0.1761250061407839,0.0911818336815517,B,S,best,EH,1,0,1.0,1.0,0.0,1.0,49.0
JoanKim_UCmPgDOHAAM4lmNlU4CcuMYw_QLPBJgjADM_0050_9655_9655_IH0.wav,IH0,0.08539285126008901,0.14000000000000057,0.05460714873991156,T,AE1,to,IH,0,0,3.0,4.0,0.0,3.0,50.0
JoanKim_UCmPgDOHAAM4lmNlU4CcuMYw_QLPBJgjADM_0051_9745_9745_AE1.wav,AE1,0.154003654127907,0.2184298014431559,0.0644261473152489,IH0,N,answer,AE,1,0,1.0,1.0,0.0,1.0,51.0
JoanKim_UCmPgDOHAAM4lmNlU4CcuMYw_QLPBJgjADM_0052_9995_9995_ER0.wav,ER0,0.06380761861828012,0.11188230211503052,0.0480746834967504,S,AE1,answer,ER,0,0,1.0,4.0,0.0,4.0,52.0
JoanKim_UCmPgDOHAAM4lmNlU4CcuMYw_QLPBJgjADM_0053_10095_10095_AE1.wav,AE1,0.1597280860692328,0.1999999999999993,0.040271913930766484,ER0,Z,as,AE,1,0,1.0,4.0,1.0,4.0,53.0
JoanKim_UCmPgDOHAAM4lmNlU4CcuMYw_QLPBJgjADM_0054_10375_10375_EH1.wav,EH1,0.09537905255644391,0.15999999999999837,0.06462094744355446,M,N,many,EH,1,0,1.0,1.0,0.0,1.0,54.0
JoanKim_UCmPgDOHAAM4lmNlU4CcuMYw_QLPBJgjADM_0055_10505_10505_IY0.wav,IY0,0.09999999999999964,0.16999999999999993,0.07000000000000028,N,AE1,many,IY,0,0,1.0,1.0,0.0,1.0,55.0
JoanKim_UCmPgDOHAAM4lmNlU4CcuMYw_QLPBJgjADM_0056_10565_10565_AE1.wav,AE1,0.09999999999999964,0.16000000000000014,0.0600000000000005,IY0,Z,as,AE,1,0,1.0,1.0,0.0,1.0,56.0
JoanKim_UCmPgDOHAAM4lmNlU4CcuMYw_QLPBJgjADM_0057_10695_10695_AY1.wav,AY1,0.09999999999999964,0.15999999999999837,0.05999999999999872,Z,K,i,AY,1,1,1.0,1.0,1.0,1.0,57.0
JoanKim_UCmPgDOHAAM4lmNlU4CcuMYw_QLPBJgjADM_0058_10905_10905_AE1.wav,AE1,0.1012828676451463,0.18399229728909625,0.08270942964394995,K,N,can,AE,1,0,1.0,1.0,0.0,1.0,58.0
JoanKim_UCmPgDOHAAM4lmNlU4CcuMYw_QLPBJgjADM_0059_11055_11055_UW0.wav,UW0,0.07834374376891015,0.13000000000000078,0.05165625623109063,T,D,today,UW,0,0,3.0,1.0,0.0,3.0,59.0
JoanKim_UCmPgDOHAAM4lmNlU4CcuMYw_QLPBJgjADM_0060_11355_11355_EY1.wav,EY1,0.08497765476943869,0.26194602900761993,0.17696837423818124,D,,today,EY,1,1,1.0,1.0,0.0,1.0,60.0
JoanKim_UCmPgDOHAAM4lmNlU4CcuMYw_QLPBJgjADM_0061_11923_11923_OW1.wav,OW1,0.07245290379630501,0.2954951495028127,0.22304224570650769,S,L,so,OW,1,1,1.0,1.0,0.0,1.0,61.0
JoanKim_UCmPgDOHAAM4lmNlU4CcuMYw_QLPBJgjADM_0062_12143_12143_EH1.wav,EH1,0.08228205272694104,0.17728612731796403,0.09500407459102299,L,T,let's,EH,1,0,1.0,1.0,0.0,1.0,62.0
JoanKim_UCmPgDOHAAM4lmNlU4CcuMYw_QLPBJgjADM_0063_12313_12313_IH1.wav,IH1,0.09999999999999964,0.14999999999999858,0.049999999999998934,G,T,get,IH,1,0,1.0,1.0,0.0,1.0,63.0
JoanKim_UCmPgDOHAAM4lmNlU4CcuMYw_QLPBJgjADM_0064_12463_12463_AA1.wav,AA1,0.09999999999999964,0.1399999999999988,0.03999999999999915,T,R,started,AA,1,0,1.0,1.0,0.0,1.0,64.0
JoanKim_UCmPgDOHAAM4lmNlU4CcuMYw_QLPBJgjADM_0065_12723_12723_AH0.wav,AH0,0.11265826607368334,0.17295860099928576,0.06030033492560241,T,D,started,AH,0,0,1.0,1.0,0.0,1.0,65.0
JoanKim_UCmPgDOHAAM4lmNlU4CcuMYw_QLPBJgjADM_0066_13053_13053_EH1.wav,EH1,0.09267044650004168,0.19196591792444334,0.09929547142440166,W,N,when,EH,1,0,1.0,1.0,0.0,1.0,66.0
JoanKim_UCmPgDOHAAM4lmNlU4CcuMYw_QLPBJgjADM_0067_13173_13173_ER0.wav,ER0,0.09999999999999964,0.17999999999999972,0.08000000000000007,N,Y,are,ER,0,0,1.0,1.0,0.0,1.0,67.0
JoanKim_UCmPgDOHAAM4lmNlU4CcuMYw_QLPBJgjADM_0068_13293_13293_UW1.wav,UW1,0.08042531794813947,0.1350681843795776,0.054642866431438133,Y,K,you,UW,1,0,1.0,1.0,0.0,1.0,68.0
JoanKim_UCmPgDOHAAM4lmNlU4CcuMYw_QLPBJgjADM_0069_13443_13443_AH1.wav,AH1,0.09999999999999964,0.1399999999999988,0.03999999999999915,K,M,coming,AH,1,0,1.0,1.0,1.0,4.0,69.0
JoanKim_UCmPgDOHAAM4lmNlU4CcuMYw_QLPBJgjADM_0070_13543_13543_IH0.wav,IH0,0.1143936661782936,0.17502516999135942,0.060631503813065826,M,NG,coming,IH,0,0,1.0,1.0,1.0,1.0,70.0
JoanKim_UCmPgDOHAAM4lmNlU4CcuMYw_QLPBJgjADM_0071_13753_13753_AH0.wav,AH0,0.10901582010536158,0.15093628177675308,0.041920461671391504,T,spn,to,AH,0,0,3.0,4.0,0.0,4.0,71.0
JoanKim_UCmPgDOHAAM4lmNlU4CcuMYw_QLPBJgjADM_0072_14460_14460_AY1.wav,AY1,0.11551339124454191,0.15000000000000036,0.03448660875545845,,M,i'm,AY,1,1,1.0,1.0,0.0,1.0,72.0
JoanKim_UCmPgDOHAAM4lmNlU4CcuMYw_QLPBJgjADM_0073_14630_14630_AE1.wav,AE1,0.09157831884108256,0.17201096238372296,0.0804326435426404,M,K,i'm,AE,1,0,1.0,1.0,0.0,1.0,73.0
JoanKim_UCmPgDOHAAM4lmNlU4CcuMYw_QLPBJgjADM_0074_14810_14810_AH0.wav,AH0,0.10592532228281137,0.14000000000000057,0.034074677717189195,SH,L,actually,AH,0,0,1.0,1.0,0.0,4.0,74.0
JoanKim_UCmPgDOHAAM4lmNlU4CcuMYw_QLPBJgjADM_0075_14980_14980_IY0.wav,IY0,0.1050852196377945,0.18001218042635764,0.07492696078856313,L,IH1,actually,IY,0,0,1.0,1.0,0.0,1.0,75.0
JoanKim_UCmPgDOHAAM4lmNlU4CcuMYw_QLPBJgjADM_0076_15110_15110_IH1.wav,IH1,0.12515624322707541,0.22999999999999865,0.10484375677292324,IY0,N,in,IH,1,0,1.0,1.0,0.0,1.0,76.0
JoanKim_UCmPgDOHAAM4lmNlU4CcuMYw_QLPBJgjADM_0077_15950_15950_AY1.wav,AY1,0.09999999999999964,0.22999999999999865,0.129999999999999,R,T,right,AY,1,1,1.0,1.0,0.0,4.0,77.0
JoanKim_UCmPgDOHAAM4lmNlU4CcuMYw_QLPBJgjADM_0078_16510_16510_AW1.wav,AW1,0.07563104867257951,0.4695564403101335,0.39392539163755397,N,AE1,now,AW,1,1,1.0,1.0,0.0,1.0,78.0
JoanKim_UCmPgDOHAAM4lmNlU4CcuMYw_QLPBJgjADM_0079_16940_16940_AE1.wav,AE1,0.194599411351638,0.5449346981768395,0.3503352868252015,AW1,N,and,AE,1,0,1.0,1.0,0.0,1.0,79.0
JoanKim_UCmPgDOHAAM4lmNlU4CcuMYw_QLPBJgjADM_0080_17620_17620_EY1.wav,EY1,0.13163513193294651,0.33000000000000185,0.19836486806705533,,B,abe,EY,1,1,1.0,1.0,0.0,1.0,80.0
JoanKim_UCmPgDOHAAM4lmNlU4CcuMYw_QLPBJgjADM_0081_17730_17730_IH0.wav,IH0,0.11059699260505203,0.1700000000000017,0.05940300739494968,B,Z,is,IH,0,0,1.0,1.0,1.0,1.0,81.0
JoanKim_UCmPgDOHAAM4lmNlU4CcuMYw_QLPBJgjADM_0082_17880_17880_AE1.wav,AE1,0.09357913086950703,0.19000000000000128,0.09642086913049425,Z,K,is,AE,1,0,1.0,1.0,1.0,1.0,82.0
JoanKim_UCmPgDOHAAM4lmNlU4CcuMYw_QLPBJgjADM_0083_18070_18070_AH0.wav,AH0,0.11850974000641629,0.16520455313873686,0.04669481313232057,SH,L,actually,AH,0,0,1.0,1.0,1.0,4.0,83.0
JoanKim_UCmPgDOHAAM4lmNlU4CcuMYw_QLPBJgjADM_0084_18170_18170_IY0.wav,IY0,0.08340583793531128,0.1479837709906492,0.0645779330553379,L,HH,actually,IY,0,0,1.0,1.0,1.0,4.0,84.0
JoanKim_UCmPgDOHAAM4lmNlU4CcuMYw_QLPBJgjADM_0085_18350_18350_IY1.wav,IY1,0.10937093805176967,0.16031575190653607,0.0509448138547664,HH,R,here,IY,1,0,1.0,4.0,0.0,2.0,85.0
JoanKim_UCmPgDOHAAM4lmNlU4CcuMYw_QLPBJgjADM_0086_18530_18530_AE1.wav,AE1,0.10000000000000142,0.20000000000000284,0.10000000000000142,R,Z,as,AE,1,0,1.0,4.0,0.0,1.0,86.0
JoanKim_UCmPgDOHAAM4lmNlU4CcuMYw_QLPBJgjADM_0087_18750_18750_EH1.wav,EH1,0.10000000000000142,0.14932021517308552,0.0493202151730841,W,L,well,EH,1,0,1.0,1.0,0.0,1.0,87.0
JoanKim_UCmPgDOHAAM4lmNlU4CcuMYw_QLPBJgjADM_0088_18960_18960_IY1.wav,IY1,0.10592532228281216,0.1469902643282572,0.041064942045445044,HH,Z,he's,IY,1,0,1.0,1.0,1.0,4.0,88.0
JoanKim_UCmPgDOHAAM4lmNlU4CcuMYw_QLPBJgjADM_0089_19110_19110_AE1.wav,AE1,0.10000000000000142,0.1700000000000017,0.07000000000000028,Z,K,actually,AE,1,0,1.0,1.0,1.0,1.0,89.0
JoanKim_UCmPgDOHAAM4lmNlU4CcuMYw_QLPBJgjADM_0090_19300_19300_AH0.wav,AH0,0.10000000000000142,0.15791883761454498,0.057918837614543556,SH,L,actually,AH,0,0,1.0,1.0,1.0,4.0,90.0
JoanKim_UCmPgDOHAAM4lmNlU4CcuMYw_QLPBJgjADM_0091_19430_19430_IY0.wav,IY0,0.10000000000000142,0.16298864027140886,0.06298864027140744,L,HH,actually,IY,0,0,1.0,1.0,1.0,4.0,91.0
JoanKim_UCmPgDOHAAM4lmNlU4CcuMYw_QLPBJgjADM_0092_19530_19530_EH1.wav,EH1,0.11619155779417513,0.14566558877840627,0.02947403098423114,HH,L,helping,EH,1,0,1.0,1.0,0.0,4.0,92.0
JoanKim_UCmPgDOHAAM4lmNlU4CcuMYw_QLPBJgjADM_0093_19660_19660_IH0.wav,IH0,0.11008076215080799,0.14276989108416152,0.03268912893335353,P,NG,helping,IH,0,0,1.0,1.0,0.0,4.0,93.0
JoanKim_UCmPgDOHAAM4lmNlU4CcuMYw_QLPBJgjADM_0094_19860_19860_IY1.wav,IY1,0.1083851398798439,0.18161486012015876,0.07322972024031486,M,F,me,IY,1,0,1.0,1.0,0.0,1.0,94.0
JoanKim_UCmPgDOHAAM4lmNlU4CcuMYw_QLPBJgjADM_0095_19990_19990_IH1.wav,IH1,0.11102881256014355,0.14999999999999858,0.03897118743985503,F,L,film,IH,1,0,1.0,1.0,1.0,1.0,95.0
JoanKim_UCmPgDOHAAM4lmNlU4CcuMYw_QLPBJgjADM_0096_20240_20240_IH0.wav,IH0,0.10000000000000142,0.1999999999999993,0.09999999999999787,DH,S,this,IH,0,0,1.0,1.0,0.0,1.0,96.0
JoanKim_UCmPgDOHAAM4lmNlU4CcuMYw_QLPBJgjADM_0097_20360_20360_OW1.wav,OW1,0.10000000000000142,0.14372200163561843,0.043722001635617014,S,IH1,so,OW,1,1,1.0,4.0,0.0,1.0,97.0
JoanKim_UCmPgDOHAAM4lmNlU4CcuMYw_QLPBJgjADM_0098_20470_20470_IH1.wav,IH1,0.16633563504379584,0.2172390527876287,0.05090341774383286,OW1,F,if,IH,1,0,1.0,1.0,0.0,1.0,98.0
JoanKim_UCmPgDOHAAM4lmNlU4CcuMYw_QLPBJgjADM_0099_20610_20610_UW1.wav,UW1,0.09262540204076483,0.14753044384144604,0.054905041800681204,Y,HH,you,UW,1,0,1.0,1.0,1.0,1.0,99.0
JoanKim_UCmPgDOHAAM4lmNlU4CcuMYw_QLPBJgjADM_0100_20800_20800_IY1.wav,IY1,0.10873416761307114,0.1478534924446696,0.03911932483159847,HH,R,hear,IY,1,0,1.0,1.0,0.0,1.0,100.0
JoanKim_UCmPgDOHAAM4lmNlU4CcuMYw_QLPBJgjADM_0101_20920_20920_IH0.wav,IH0,0.07843830462336221,0.12546428664314674,0.04702598201978453,HH,Z,his,IH,0,0,1.0,1.0,1.0,1.0,101.0
JoanKim_UCmPgDOHAAM4lmNlU4CcuMYw_QLPBJgjADM_0102_21250_21250_OY1.wav,OY1,0.09485387823041429,0.3000000000000007,0.2051461217695864,V,S,voice,OY,1,1,1.0,1.0,0.0,1.0,102.0
JoanKim_UCmPgDOHAAM4lmNlU4CcuMYw_QLPBJgjADM_0103_21844_21844_IH1.wav,IH1,0.11965300233783441,0.16691356231957166,0.047260559981737255,,T,it's,IH,1,0,1.0,1.0,0.0,1.0,103.0
JoanKim_UCmPgDOHAAM4lmNlU4CcuMYw_QLPBJgjADM_0104_22164_22164_EY1.wav,EY1,0.14621671333662864,0.32869077032888816,0.18247405699225952,,B,abe,EY,1,1,1.0,1.0,1.0,1.0,104.0
JoanKim_UCmPgDOHAAM4lmNlU4CcuMYw_QLPBJgjADM_0105_22848_22848_AH1.wav,AH1,0.08521508639000025,0.17090503602112092,0.08568994963112067,W,T,what's,AH,1,0,1.0,1.0,0.0,1.0,105.0
JoanKim_UCmPgDOHAAM4lmNlU4CcuMYw_QLPBJgjADM_0106_23128_23128_AA1.wav,AA1,0.11457669767401621,0.21253369484492146,0.09795699717090525,S,N,on,AA,1,0,1.0,1.0,0.0,1.0,106.0
JoanKim_UCmPgDOHAAM4lmNlU4CcuMYw_QLPBJgjADM_0107_23278_23278_UH1.wav,UH1,0.10000000000000142,0.1373745979592391,0.03737459795923767,Y,R,your,UH,1,0,4.0,1.0,0.0,1.0,107.0
JoanKim_UCmPgDOHAAM4lmNlU4CcuMYw_QLPBJgjADM_0108_23528_23528_UW1.wav,UW1,0.10447442832910128,0.15000000000000213,0.04552557167090085,T,TH,two,UW,1,0,1.0,1.0,0.0,4.0,108.0
JoanKim_UCmPgDOHAAM4lmNlU4CcuMYw_QLPBJgjADM_0109_23788_23788_AW1.wav,AW1,0.08672482350663435,0.21574270258086542,0.12901787907423107,TH,Z,thousand,AW,1,1,1.0,1.0,0.0,1.0,109.0
JoanKim_UCmPgDOHAAM4lmNlU4CcuMYw_QLPBJgjADM_0110_23878_23878_AH0.wav,AH0,0.10434820992524199,0.16000000000000014,0.05565179007475815,Z,N,thousand,AH,0,0,1.0,1.0,0.0,1.0,110.0
JoanKim_UCmPgDOHAAM4lmNlU4CcuMYw_QLPBJgjADM_0111_24068_24068_AY1.wav,AY1,0.08677636997286575,0.1992220059702891,0.11244563599742335,N,N,nineteen,AY,1,1,1.0,1.0,0.0,1.0,111.0
JoanKim_UCmPgDOHAAM4lmNlU4CcuMYw_QLPBJgjADM_0112_24328_24328_IY1.wav,IY1,0.10878530228552868,0.19000000000000128,0.0812146977144726,T,N,nineteen,IY,1,0,1.0,1.0,0.0,1.0,112.0
JoanKim_UCmPgDOHAAM4lmNlU4CcuMYw_QLPBJgjADM_0113_24638_24638_AH1.wav,AH1,0.10773254066644206,0.16633563504379584,0.05860309437735378,B,K,bucket,AH,1,0,1.0,1.0,0.0,1.0,113.0
JoanKim_UCmPgDOHAAM4lmNlU4CcuMYw_QLPBJgjADM_0114_24848_24848_IH0.wav,IH0,0.10000000000000142,0.14239894436305026,0.042398944363048835,K,T,bucket,IH,0,0,1.0,4.0,0.0,4.0,114.0
JoanKim_UCmPgDOHAAM4lmNlU4CcuMYw_QLPBJgjADM_0115_25098_25098_IH1.wav,IH1,0.0825024201914777,0.23497809546102352,0.1524756752695458,L,S,list,IH,1,0,1.0,4.0,1.0,1.0,115.0
JoanKim_UCmPgDOHAAM4lmNlU4CcuMYw_QLPBJgjADM_0116_25338_25338_AY1.wav,AY1,0.14096590925510175,0.17999999999999972,0.03903409074489797,,D,i,AY,1,1,1.0,1.0,0.0,1.0,116.0
JoanKim_UCmPgDOHAAM4lmNlU4CcuMYw_QLPBJgjADM_0117_25478_25478_OW1.wav,OW1,0.0899659005857601,0.16067045805916808,0.07070455747340798,D,N,don't,OW,1,1,1.0,1.0,0.0,1.0,117.0
JoanKim_UCmPgDOHAAM4lmNlU4CcuMYw_QLPBJgjADM_0118_25748_25748_EY1.wav,EY1,0.08976662852155987,0.18986242475733203,0.10009579623577217,M,K,make,EY,1,1,1.0,1.0,0.0,1.0,118.0
JoanKim_UCmPgDOHAAM4lmNlU4CcuMYw_QLPBJgjADM_0119_25988_25988_IY1.wav,IY1,0.1010223105531924,0.21030804341607118,0.10928573286287878,DH,Z,these,IY,1,0,1.0,1.0,1.0,4.0,119.0
JoanKim_UCmPgDOHAAM4lmNlU4CcuMYw_QLPBJgjADM_0120_26318_26318_IH1.wav,IH1,0.06812458278788798,0.15232427242542373,0.08419968963753575,L,S,lists,IH,1,0,1.0,1.0,1.0,1.0,120.0
JoanKim_UCmPgDOHAAM4lmNlU4CcuMYw_QLPBJgjADM_0121_26738_26738_EH2.wav,EH2,0.14366436495620805,0.2100000000000044,0.06633563504379636,,N,anymore,EH,2,0,1.0,1.0,0.0,1.0,121.0
JoanKim_UCmPgDOHAAM4lmNlU4CcuMYw_QLPBJgjADM_0122_26878_26878_IY0.wav,IY0,0.10000000000000142,0.18250203729551398,0.08250203729551256,N,M,anymore,IY,0,0,1.0,1.0,0.0,1.0,122.0
JoanKim_UCmPgDOHAAM4lmNlU4CcuMYw_QLPBJgjADM_0123_27068_27068_AO1.wav,AO1,0.10000000000000142,0.19962216837597388,0.09962216837597246,M,R,anymore,AO,1,0,1.0,1.0,0.0,1.0,123.0
JoanKim_UCmPgDOHAAM4lmNlU4CcuMYw_QLPBJgjADM_0124_27428_27428_EY1.wav,EY1,0.09477961808656137,0.19802151875323476,0.1032419006666734,M,N,mainly,EY,1,1,1.0,1.0,0.0,1.0,124.0
JoanKim_UCmPgDOHAAM4lmNlU4CcuMYw_QLPBJgjADM_0125_27628_27628_IY0.wav,IY0,0.10000000000000142,0.1700000000000017,0.07000000000000028,L,B,mainly,IY,0,0,1.0,1.0,0.0,1.0,125.0
JoanKim_UCmPgDOHAAM4lmNlU4CcuMYw_QLPBJgjADM_0126_27728_27728_IH0.wav,IH0,0.11469520758740996,0.1700000000000017,0.055304792412591744,B,K,because,IH,0,0,1.0,4.0,0.0,4.0,126.0
JoanKim_UCmPgDOHAAM4lmNlU4CcuMYw_QLPBJgjADM_0127_27928_27928_AH1.wav,AH1,0.10000000000000142,0.14533441989094087,0.04533441989093945,K,Z,because,AH,1,0,1.0,1.0,0.0,4.0,127.0
JoanKim_UCmPgDOHAAM4lmNlU4CcuMYw_QLPBJgjADM_0128_28128_28128_AY1.wav,AY1,0.12628408857756365,0.17999999999999972,0.05371591142243606,,D,i,AY,1,1,1.0,1.0,0.0,4.0,128.0
JoanKim_UCmPgDOHAAM4lmNlU4CcuMYw_QLPBJgjADM_0129_28218_28218_OW1.wav,OW1,0.09033075709368957,0.14999999999999858,0.05966924290630901,D,N,don't,OW,1,1,1.0,1.0,0.0,4.0,129.0
JoanKim_UCmPgDOHAAM4lmNlU4CcuMYw_QLPBJgjADM_0130_28358_28358_AA1.wav,AA1,0.11293709380517696,0.16085999156184017,0.04792289775666321,W,N,want,AA,1,0,1.0,1.0,1.0,1.0,130.0
JoanKim_UCmPgDOHAAM4lmNlU4CcuMYw_QLPBJgjADM_0131_28478_28478_AH0.wav,AH0,0.09389488277604069,0.1202366080330149,0.026341725256974216,T,G,to,AH,0,0,1.0,1.0,0.0,4.0,131.0
JoanKim_UCmPgDOHAAM4lmNlU4CcuMYw_QLPBJgjADM_0132_28598_28598_IH1.wav,IH1,0.09378043300476657,0.14414570130647197,0.0503652683017054,G,T,get,IH,1,0,1.0,1.0,0.0,4.0,132.0
JoanKim_UCmPgDOHAAM4lmNlU4CcuMYw_QLPBJgjADM_0133_28758_28758_IH2.wav,IH2,0.10000000000000142,0.14000000000000412,0.0400000000000027,D,S,disappointed,IH,2,0,1.0,1.0,0.0,4.0,133.0
JoanKim_UCmPgDOHAAM4lmNlU4CcuMYw_QLPBJgjADM_0134_28828_28828_AH0.wav,AH0,0.1827585342453513,0.20687866821559275,0.02412013397024146,S,P,disappointed,AH,0,0,1.0,1.0,0.0,4.0,134.0
JoanKim_UCmPgDOHAAM4lmNlU4CcuMYw_QLPBJgjADM_0135_28888_28888_OY1.wav,OY1,0.10000000000000142,0.13000000000000256,0.030000000000001137,P,N,disappointed,OY,1,1,2.0,1.0,0.0,1.0,135.0
JoanKim_UCmPgDOHAAM4lmNlU4CcuMYw_QLPBJgjADM_0136_28948_28948_IH0.wav,IH0,0.10000000000000142,0.129999999999999,0.029999999999997584,N,D,disappointed,IH,0,0,2.0,1.0,0.0,1.0,136.0
JoanKim_UCmPgDOHAAM4lmNlU4CcuMYw_QLPBJgjADM_0137_29364_29364_IH2.wav,IH2,0.10000000000000142,0.16000000000000014,0.05999999999999872,D,S,disappointed,IH,2,0,2.0,1.0,0.0,1.0,137.0
JoanKim_UCmPgDOHAAM4lmNlU4CcuMYw_QLPBJgjADM_0138_29424_29424_AH0.wav,AH0,0.10000000000000142,0.13000000000000256,0.030000000000001137,S,P,disappointed,AH,0,0,2.0,1.0,0.0,1.0,138.0
JoanKim_UCmPgDOHAAM4lmNlU4CcuMYw_QLPBJgjADM_0139_29484_29484_OY1.wav,OY1,0.10000000000000142,0.13000000000000256,0.030000000000001137,P,N,disappointed,OY,1,1,2.0,1.0,0.0,1.0,139.0
JoanKim_UCmPgDOHAAM4lmNlU4CcuMYw_QLPBJgjADM_0140_29584_29584_IH0.wav,IH0,0.058437892829586634,0.17505073732758816,0.11661284449800152,N,D,disappointed,IH,0,0,2.0,1.0,1.0,1.0,140.0
JoanKim_UCmPgDOHAAM4lmNlU4CcuMYw_QLPBJgjADM_0141_30274_30274_EH1.wav,EH1,0.10000000000000142,0.28000000000000114,0.17999999999999972,W,N,when,EH,1,0,1.0,1.0,0.0,1.0,141.0
JoanKim_UCmPgDOHAAM4lmNlU4CcuMYw_QLPBJgjADM_0142_30584_30584_AY1.wav,AY1,0.11082954049594462,0.18926137201016122,0.0784318315142166,N,D,i,AY,1,1,1.0,1.0,1.0,1.0,142.0
JoanKim_UCmPgDOHAAM4lmNlU4CcuMYw_QLPBJgjADM_0143_30794_30794_OW1.wav,OW1,0.08637620756718098,0.1932195698850174,0.10684336231783642,D,N,don't,OW,1,1,1.0,1.0,0.0,4.0,143.0
JoanKim_UCmPgDOHAAM4lmNlU4CcuMYw_QLPBJgjADM_0144_30944_30944_UH0.wav,UH0,0.10000000000000142,0.13000000000000256,0.030000000000001137,F,L,fulfill,UH,0,0,4.0,1.0,0.0,1.0,144.0
JoanKim_UCmPgDOHAAM4lmNlU4CcuMYw_QLPBJgjADM_0145_31204_31204_IH1.wav,IH1,0.11082954049594462,0.15989773065508506,0.049068190159140435,F,L,fulfill,IH,1,0,1.0,1.0,0.0,1.0,145.0
JoanKim_UCmPgDOHAAM4lmNlU4CcuMYw_QLPBJgjADM_0146_31554_31554_EH1.wav,EH1,0.07906045277086736,0.24141599984973436,0.162355547078867,DH,M,them,EH,1,0,1.0,1.0,0.0,1.0,146.0
JoanKim_UCmPgDOHAAM4lmNlU4CcuMYw_QLPBJgjADM_0147_31934_31934_AH1.wav,AH1,0.11221753114461257,0.17249026866292616,0.06027273751831359,B,T,but,AH,1,0,1.0,1.0,0.0,1.0,147.0
JoanKim_UCmPgDOHAAM4lmNlU4CcuMYw_QLPBJgjADM_0148_32194_32194_AH1.wav,AH1,0.10000000000000142,0.19682103153618286,0.09682103153618143,W,N,one,AH,1,0,1.0,1.0,1.0,1.0,148.0
JoanKim_UCmPgDOHAAM4lmNlU4CcuMYw_QLPBJgjADM_0149_32304_32304_AH0.wav,AH0,0.08688108118261391,0.14999999999999858,0.06311891881738467,N,V,one,AH,0,0,1.0,1.0,0.0,1.0,149.0
JoanKim_UCmPgDOHAAM4lmNlU4CcuMYw_QLPBJgjADM_0150_32484_32484_AH0.wav,AH0,0.08973335269486618,0.15344196742061225,0.06370861472574607,DH,TH,the,AH,0,0,1.0,1.0,0.0,1.0,150.0
JoanKim_UCmPgDOHAAM4lmNlU4CcuMYw_QLPBJgjADM_0151_32664_32664_IH1.wav,IH1,0.11029909954428235,0.23648824437143104,0.12618914482714869,TH,NG,things,IH,1,0,1.0,1.0,0.0,1.0,151.0
JoanKim_UCmPgDOHAAM4lmNlU4CcuMYw_QLPBJgjADM_0152_32994_32994_AY1.wav,AY1,0.14520778969330767,0.23131170043375632,0.08610391074044865,Z,W,i,AY,1,1,1.0,1.0,0.0,1.0,152.0
JoanKim_UCmPgDOHAAM4lmNlU4CcuMYw_QLPBJgjADM_0153_33244_33244_AO1.wav,AO1,0.10000000000000142,0.21999999999999886,0.11999999999999744,W,N,wanted,AO,1,0,1.0,1.0,0.0,1.0,153.0
JoanKim_UCmPgDOHAAM4lmNlU4CcuMYw_QLPBJgjADM_0154_33374_33374_IH0.wav,IH0,0.10000000000000142,0.17356047733400576,0.07356047733400434,N,D,wanted,IH,0,0,1.0,1.0,0.0,1.0,154.0
JoanKim_UCmPgDOHAAM4lmNlU4CcuMYw_QLPBJgjADM_0155_33804_33804_IH0.wav,IH0,0.10000000000000142,0.13000000000000256,0.030000000000001137,T,D,to,IH,0,0,2.0,1.0,0.0,1.0,155.0
JoanKim_UCmPgDOHAAM4lmNlU4CcuMYw_QLPBJgjADM_0156_34254_34254_UW1.wav,UW1,0.046072195395423496,0.46869889061312825,0.42262669521770474,D,,do,UW,1,0,1.0,1.0,0.0,1.0,156.0
JoanKim_UCmPgDOHAAM4lmNlU4CcuMYw_QLPBJgjADM_0157_34556_34556_IH1.wav,IH1,0.08318099853488273,0.1538579586010023,0.07067696006611957,DH,S,this,IH,1,0,1.0,1.0,0.0,1.0,157.0
JoanKim_UCmPgDOHAAM4lmNlU4CcuMYw_QLPBJgjADM_0158_34826_34826_IH1.wav,IH1,0.0833997477221312,0.12102881256014496,0.03762906483801376,Y,R,year,IH,1,0,1.0,1.0,0.0,1.0,158.0
JoanKim_UCmPgDOHAAM4lmNlU4CcuMYw_QLPBJgjADM_0159_35096_35096_AH1.wav,AH1,0.10000000000000142,0.187217133799748,0.08721713379974658,W,Z,was,AH,1,0,1.0,1.0,0.0,1.0,159.0
JoanKim_UCmPgDOHAAM4lmNlU4CcuMYw_QLPBJgjADM_0160_35326_35326_IH0.wav,IH0,0.06775404786055206,0.1600000000000037,0.09224595213945164,T,V,to,IH,0,0,1.0,1.0,0.0,3.0,160.0
JoanKim_UCmPgDOHAAM4lmNlU4CcuMYw_QLPBJgjADM_0161_35466_35466_IH1.wav,IH1,0.10000000000000142,0.1586343401329877,0.05863434013298627,V,Z,visit,IH,1,0,1.0,1.0,1.0,1.0,161.0
JoanKim_UCmPgDOHAAM4lmNlU4CcuMYw_QLPBJgjADM_0162_35586_35586_IH0.wav,IH0,0.10658969012879606,0.13959618924596756,0.0330064991171715,Z,T,visit,IH,0,0,1.0,1.0,0.0,4.0,162.0
JoanKim_UCmPgDOHAAM4lmNlU4CcuMYw_QLPBJgjADM_0163_35696_35696_AH0.wav,AH0,0.10000000000000142,0.13965706247995008,0.03965706247994866,T,K,a,AH,0,0,1.0,1.0,1.0,4.0,163.0
JoanKim_UCmPgDOHAAM4lmNlU4CcuMYw_QLPBJgjADM_0164_35846_35846_AH1.wav,AH1,0.11579342545954938,0.13673985759160118,0.0209464321320518,K,N,country,AH,1,0,1.0,1.0,0.0,3.0,164.0
JoanKim_UCmPgDOHAAM4lmNlU4CcuMYw_QLPBJgjADM_0165_36096_36096_IY0.wav,IY0,0.08031086817686772,0.17215503963334797,0.09184417145648024,R,DH,country,IY,0,0,1.0,1.0,1.0,4.0,165.0
JoanKim_UCmPgDOHAAM4lmNlU4CcuMYw_QLPBJgjADM_0166_36276_36276_AE1.wav,AE1,0.08557588275581247,0.1672090135155087,0.08163313075969623,DH,T,that,AE,1,0,1.0,1.0,0.0,1.0,166.0
JoanKim_UCmPgDOHAAM4lmNlU4CcuMYw_QLPBJgjADM_0167_36386_36386_AY1.wav,AY1,0.11283238259542908,0.18883564226824898,0.0760032596728199,T,HH,i,AY,1,1,1.0,4.0,0.0,1.0,167.0
JoanKim_UCmPgDOHAAM4lmNlU4CcuMYw_QLPBJgjADM_0168_36576_36576_AE1.wav,AE1,0.08314528084335482,0.20443588587677683,0.12129060503342201,HH,V,haven't,AE,1,0,1.0,1.0,1.0,4.0,168.0
JoanKim_UCmPgDOHAAM4lmNlU4CcuMYw_QLPBJgjADM_0169_36686_36686_AH0.wav,AH0,0.10000000000000142,0.15990788101038572,0.0599078810103843,V,N,haven't,AH,0,0,1.0,1.0,0.0,1.0,169.0
JoanKim_UCmPgDOHAAM4lmNlU4CcuMYw_QLPBJgjADM_0170_36956_36956_IH1.wav,IH1,0.10000000000000142,0.17999999999999972,0.0799999999999983,B,N,been,IH,1,0,1.0,1.0,1.0,1.0,170.0
JoanKim_UCmPgDOHAAM4lmNlU4CcuMYw_QLPBJgjADM_0171_37456_37456_UW1.wav,UW1,0.10000000000000142,0.3255284253295128,0.2255284253295114,T,,to,UW,1,0,1.0,1.0,0.0,1.0,171.0
JoanKim_UCmPgDOHAAM4lmNlU4CcuMYw_QLPBJgjADM_0172_37786_37786_AE1.wav,AE1,0.1903607963658139,0.27511243414912184,0.08475163778330794,,N,and,AE,1,0,1.0,1.0,0.0,1.0,172.0
JoanKim_UCmPgDOHAAM4lmNlU4CcuMYw_QLPBJgjADM_0173_37996_37996_AY1.wav,AY1,0.11474025204668739,0.21894806196846112,0.10420780992177373,D,AO0,i,AY,1,1,1.0,2.0,0.0,1.0,173.0
JoanKim_UCmPgDOHAAM4lmNlU4CcuMYw_QLPBJgjADM_0174_38026_38026_AO0.wav,AO0,0.0891343300187562,0.13000000000000256,0.040865669981246355,AY1,R,i,AO,0,0,1.0,1.0,1.0,4.0,174.0
JoanKim_UCmPgDOHAAM4lmNlU4CcuMYw_QLPBJgjADM_0175_38086_38086_EH1.wav,EH1,0.08151744560709849,0.10309861810678754,0.02158117249968905,R,D,already,EH,1,0,4.0,1.0,0.0,1.0,175.0
JoanKim_UCmPgDOHAAM4lmNlU4CcuMYw_QLPBJgjADM_0176_38146_38146_IY0.wav,IY0,0.056445201085402665,0.1240450502388425,0.06759984915343983,D,D,already,IY,0,0,1.0,1.0,0.0,4.0,176.0
JoanKim_UCmPgDOHAAM4lmNlU4CcuMYw_QLPBJgjADM_0177_38326_38326_IH1.wav,IH1,0.10000000000000142,0.17999999999999972,0.0799999999999983,D,D,did,IH,1,0,1.0,1.0,0.0,1.0,177.0
JoanKim_UCmPgDOHAAM4lmNlU4CcuMYw_QLPBJgjADM_0178_38606_38606_AE1.wav,AE1,0.09376216236522877,0.24154627839571163,0.14778411603048286,DH,T,that,AE,1,0,1.0,4.0,0.0,1.0,178.0
JoanKim_UCmPgDOHAAM4lmNlU4CcuMYw_QLPBJgjADM_0179_38796_38796_AY1.wav,AY1,0.13719683308914643,0.18999999999999773,0.052803166910851296,,W,i,AY,1,1,1.0,4.0,0.0,1.0,179.0
JoanKim_UCmPgDOHAAM4lmNlU4CcuMYw_QLPBJgjADM_0180_38906_38906_EH1.wav,EH1,0.10691882894520197,0.14963961542796334,0.04272078648276137,W,N,went,EH,1,0,1.0,4.0,0.0,1.0,180.0
JoanKim_UCmPgDOHAAM4lmNlU4CcuMYw_QLPBJgjADM_0181_39086_39086_IH0.wav,IH0,0.10889772198574224,0.15487500252855887,0.045977280542816634,T,S,to,IH,0,0,1.0,1.0,1.0,3.0,181.0
JoanKim_UCmPgDOHAAM4lmNlU4CcuMYw_QLPBJgjADM_0182_39606_39606_EY1.wav,EY1,0.10000000000000142,0.35999999999999943,0.259999999999998,P,N,spain,EY,1,1,1.0,1.0,0.0,1.0,182.0
JoanKim_UCmPgDOHAAM4lmNlU4CcuMYw_QLPBJgjADM_0183_39946_39946_AE1.wav,AE1,0.1594030073949469,0.19740463723135585,0.03800162983640895,,N,and,AE,1,0,1.0,1.0,0.0,1.0,183.0
JoanKim_UCmPgDOHAAM4lmNlU4CcuMYw_QLPBJgjADM_0184_40076_40076_EH1.wav,EH1,0.08439934459769985,0.15162662875274294,0.06722728415504309,DH,N,then,EH,1,0,1.0,1.0,0.0,1.0,184.0
JoanKim_UCmPgDOHAAM4lmNlU4CcuMYw_QLPBJgjADM_0185_40156_40156_AY1.wav,AY1,0.08903570902218558,0.1645422153638103,0.07550650634162473,N,M,then,AY,1,1,1.0,1.0,0.0,1.0,185.0
JoanKim_UCmPgDOHAAM4lmNlU4CcuMYw_QLPBJgjADM_0186_40316_40316_AA1.wav,AA1,0.0881822194672993,0.13896144887833392,0.05077922941103462,G,N,gonna,AA,1,0,1.0,1.0,0.0,2.0,186.0
JoanKim_UCmPgDOHAAM4lmNlU4CcuMYw_QLPBJgjADM_0187_40396_40396_AH0.wav,AH0,0.0941254005958728,0.13862621984874884,0.04450081925287605,N,T,gonna,AH,0,0,1.0,1.0,0.0,1.0,187.0
JoanKim_UCmPgDOHAAM4lmNlU4CcuMYw_QLPBJgjADM_0188_40626_40626_UW1.wav,UW1,0.23401583455427033,0.289983376535563,0.05596754198129267,T,F,to,UW,1,0,1.0,1.0,0.0,2.0,188.0
JoanKim_UCmPgDOHAAM4lmNlU4CcuMYw_QLPBJgjADM_0189_40836_40836_IH1.wav,IH1,0.10240056264033616,0.15530479241259315,0.05290422977225699,F,L,philippines,IH,1,0,1.0,1.0,0.0,1.0,189.0
JoanKim_UCmPgDOHAAM4lmNlU4CcuMYw_QLPBJgjADM_0190_40996_40996_AH0.wav,AH0,0.09557994289793212,0.14640056841989987,0.050820625521967755,L,P,philippines,AH,0,0,1.0,1.0,0.0,1.0,190.0
JoanKim_UCmPgDOHAAM4lmNlU4CcuMYw_QLPBJgjADM_0191_41466_41466_IY2.wav,IY2,0.10000000000000142,0.47826383410345913,0.3782638341034577,P,N,philippines,IY,2,0,1.0,1.0,0.0,1.0,191.0
JoanKim_UCmPgDOHAAM4lmNlU4CcuMYw_QLPBJgjADM_0192_42292_42292_AE1.wav,AE1,0.1301156562547878,0.3185093571104542,0.1883937008556664,,N,and,AE,1,0,1.0,1.0,1.0,1.0,192.0
JoanKim_UCmPgDOHAAM4lmNlU4CcuMYw_QLPBJgjADM_0193_43434_43434_AY1.wav,AY1,0.11546590492043328,0.18000000000000682,0.06453409507957354,,D,i,AY,1,1,1.0,1.0,0.0,1.0,193.0
JoanKim_UCmPgDOHAAM4lmNlU4CcuMYw_QLPBJgjADM_0194_43514_43514_OW1.wav,OW1,0.1051643635113179,0.15932427531520735,0.054159911803889446,D,N,don't,OW,1,1,1.0,1.0,0.0,4.0,194.0
JoanKim_UCmPgDOHAAM4lmNlU4CcuMYw_QLPBJgjADM_0195_43634_43634_OW1.wav,OW1,0.07485267174690272,0.12848823281230803,0.05363556106540532,N,AY1,know,OW,1,1,1.0,1.0,1.0,1.0,195.0
JoanKim_UCmPgDOHAAM4lmNlU4CcuMYw_QLPBJgjADM_0196_43834_43834_AY1.wav,AY1,0.18426947784549758,0.293003262562604,0.10873378471710643,OW1,W,i,AY,1,1,1.0,4.0,0.0,1.0,196.0
JoanKim_UCmPgDOHAAM4lmNlU4CcuMYw_QLPBJgjADM_0197_43984_43984_AA1.wav,AA1,0.08569236259814586,0.1600000000000037,0.07430763740185783,W,N,wanna,AA,1,0,1.0,1.0,1.0,1.0,197.0
JoanKim_UCmPgDOHAAM4lmNlU4CcuMYw_QLPBJgjADM_0198_44134_44134_AH0.wav,AH0,0.08757669478423424,0.1560044661563309,0.06842777137209666,N,T,wanna,AH,0,0,1.0,1.0,0.0,1.0,198.0
JoanKim_UCmPgDOHAAM4lmNlU4CcuMYw_QLPBJgjADM_0199_44334_44334_AE1.wav,AE1,0.07929585432036824,0.14530885255471326,0.06601299823434502,R,V,travel,AE,1,0,1.0,1.0,1.0,1.0,199.0
JoanKim_UCmPgDOHAAM4lmNlU4CcuMYw_QLPBJgjADM_0200_44394_44394_AH0.wav,AH0,0.16212947229711347,0.2110044806052328,0.04887500830811933,V,L,travel,AH,0,0,2.0,1.0,0.0,1.0,200.0
JoanKim_UCmPgDOHAAM4lmNlU4CcuMYw_QLPBJgjADM_0201_44724_44724_AE1.wav,AE1,0.08425729741913836,0.15062906194823542,0.06637176452909706,L,Z,travel,AE,1,0,1.0,4.0,0.0,1.0,201.0
JoanKim_UCmPgDOHAAM4lmNlU4CcuMYw_QLPBJgjADM_0202_44964_44964_AH1.wav,AH1,0.10000000000000142,0.1700000000000017,0.07000000000000028,M,CH,much,AH,1,0,1.0,1.0,1.0,1.0,202.0
JoanKim_UCmPgDOHAAM4lmNlU4CcuMYw_QLPBJgjADM_0203_45104_45104_EH1.wav,EH1,0.10000000000000142,0.14999999999999858,0.04999999999999716,CH,Z,as,EH,1,0,1.0,1.0,1.0,1.0,203.0
JoanKim_UCmPgDOHAAM4lmNlU4CcuMYw_QLPBJgjADM_0204_45284_45284_AY1.wav,AY1,0.10508521963779387,0.20236608033012665,0.09728086069233279,Z,K,i,AY,1,1,1.0,1.0,0.0,1.0,204.0
JoanKim_UCmPgDOHAAM4lmNlU4CcuMYw_QLPBJgjADM_0205_45604_45604_AE1.wav,AE1,0.10000000000000142,0.23802557889535328,0.13802557889535186,K,N,can,AE,1,0,1.0,1.0,1.0,1.0,205.0
JoanKim_UCmPgDOHAAM4lmNlU4CcuMYw_QLPBJgjADM_0206_46104_46104_IH0.wav,IH0,0.11403489988354094,0.1599999999999966,0.045965100116455646,B,F,before,IH,0,0,1.0,1.0,1.0,4.0,206.0
JoanKim_UCmPgDOHAAM4lmNlU4CcuMYw_QLPBJgjADM_0207_46344_46344_AO1.wav,AO1,0.09404422665129372,0.19499554251301265,0.10095131586171893,F,R,before,AO,1,0,1.0,1.0,0.0,1.0,207.0
JoanKim_UCmPgDOHAAM4lmNlU4CcuMYw_QLPBJgjADM_0208_46874_46874_AY1.wav,AY1,0.10000000000000142,0.3286254251590154,0.22862542515901396,R,,i,AY,1,1,1.0,2.0,1.0,1.0,208.0
JoanKim_UCmPgDOHAAM4lmNlU4CcuMYw_QLPBJgjADM_0209_47324_47324_EH1.wav,EH1,0.09398700176565619,0.22336364713463797,0.12937664536898177,S,T,settle,EH,1,0,1.0,1.0,1.0,1.0,209.0
JoanKim_UCmPgDOHAAM4lmNlU4CcuMYw_QLPBJgjADM_0210_47424_47424_AH0.wav,AH0,0.10000000000000142,0.14596510011645705,0.04596510011645563,T,L,settle,AH,0,0,1.0,1.0,1.0,4.0,210.0
JoanKim_UCmPgDOHAAM4lmNlU4CcuMYw_QLPBJgjADM_0211_47904_47904_AW1.wav,AW1,0.0671420211705349,0.3200000000000003,0.25285797882946537,D,N,down,AW,1,1,1.0,4.0,0.0,1.0,211.0
JoanKim_UCmPgDOHAAM4lmNlU4CcuMYw_QLPBJgjADM_0212_48264_48264_AH1.wav,AH1,0.11420454446939382,0.14000000000000057,0.025795455530606748,B,T,but,AH,1,0,1.0,4.0,0.0,1.0,212.0
JoanKim_UCmPgDOHAAM4lmNlU4CcuMYw_QLPBJgjADM_0213_48384_48384_AY1.wav,AY1,0.11198660153100556,0.20322363002713442,0.09123702849612886,T,D,i,AY,1,1,1.0,2.0,0.0,1.0,213.0
JoanKim_UCmPgDOHAAM4lmNlU4CcuMYw_QLPBJgjADM_0214_48444_48444_OW1.wav,OW1,0.10754180068025625,0.16117736174566158,0.05363556106540533,D,N,don't,OW,1,1,1.0,1.0,1.0,1.0,214.0
JoanKim_UCmPgDOHAAM4lmNlU4CcuMYw_QLPBJgjADM_0215_48544_48544_IY1.wav,IY1,0.09998984964470427,0.14759537721754976,0.04760552757284549,N,V,don't,IY,1,0,1.0,1.0,0.0,4.0,215.0
JoanKim_UCmPgDOHAAM4lmNlU4CcuMYw_QLPBJgjADM_0216_48654_48654_IH0.wav,IH0,0.10033481723581184,0.144145701306474,0.043810884070662165,V,N,even,IH,0,0,1.0,1.0,0.0,1.0,216.0
JoanKim_UCmPgDOHAAM4lmNlU4CcuMYw_QLPBJgjADM_0217_48904_48904_OW1.wav,OW1,0.06871589697353452,0.21398864894075711,0.1452727519672226,N,W,know,OW,1,1,1.0,1.0,0.0,1.0,217.0
JoanKim_UCmPgDOHAAM4lmNlU4CcuMYw_QLPBJgjADM_0218_49154_49154_EH1.wav,EH1,0.09357913086950818,0.20482427964987857,0.11124514878037038,W,N,when,EH,1,0,1.0,1.0,0.0,1.0,218.0
JoanKim_UCmPgDOHAAM4lmNlU4CcuMYw_QLPBJgjADM_0219_49274_49274_AH0.wav,AH0,0.10000000000000142,0.15200284209948314,0.05200284209948172,N,M,i'm,AH,0,0,1.0,1.0,1.0,1.0,219.0
JoanKim_UCmPgDOHAAM4lmNlU4CcuMYw_QLPBJgjADM_0220_49434_49434_OW1.wav,OW1,0.10000000000000142,0.15349919230625042,0.053499192306249,G,IH0,going,OW,1,1,1.0,1.0,0.0,1.0,220.0
JoanKim_UCmPgDOHAAM4lmNlU4CcuMYw_QLPBJgjADM_0221_49484_49484_IH0.wav,IH0,0.09343546541365766,0.16656859472846172,0.07313312931480406,OW1,NG,going,IH,0,0,1.0,1.0,0.0,1.0,221.0
JoanKim_UCmPgDOHAAM4lmNlU4CcuMYw_QLPBJgjADM_0222_49694_49694_IH0.wav,IH0,0.07373862510005895,0.16260227656936838,0.08886365146930943,T,S,to,IH,0,0,1.0,1.0,0.0,3.0,222.0
JoanKim_UCmPgDOHAAM4lmNlU4CcuMYw_QLPBJgjADM_0223_49994_49994_EH1.wav,EH1,0.10000000000000142,0.17131899713044998,0.07131899713044856,S,T,settle,EH,1,0,1.0,1.0,1.0,1.0,223.0
JoanKim_UCmPgDOHAAM4lmNlU4CcuMYw_QLPBJgjADM_0224_50074_50074_AH0.wav,AH0,0.11482345606232677,0.1217228078844781,0.006899351822151331,T,L,settle,AH,0,0,4.0,1.0,0.0,1.0,224.0
JoanKim_UCmPgDOHAAM4lmNlU4CcuMYw_QLPBJgjADM_0225_50534_50534_AW1.wav,AW1,0.07111401774903404,0.3299999999999983,0.25888598225096426,D,N,down,AW,1,1,1.0,1.0,1.0,5.0,225.0
JoanKim_UCmPgDOHAAM4lmNlU4CcuMYw_QLPBJgjADM_0226_51890_51890_AY1.wav,AY1,0.1173977234306327,0.20780682970810405,0.09040910627747134,,D,i,AY,1,1,1.0,4.0,0.0,1.0,226.0
JoanKim_UCmPgDOHAAM4lmNlU4CcuMYw_QLPBJgjADM_0227_51990_51990_OW1.wav,OW1,0.10000000000000142,0.1700000000000017,0.07000000000000028,D,N,don't,OW,1,1,3.0,4.0,0.0,1.0,227.0
JoanKim_UCmPgDOHAAM4lmNlU4CcuMYw_QLPBJgjADM_0228_52230_52230_OW1.wav,OW1,0.10000000000000142,0.22981535022699787,0.12981535022699645,N,,know,OW,1,1,1.0,4.0,0.0,4.0,228.0
JoanKim_UCmPgDOHAAM4lmNlU4CcuMYw_QLPBJgjADM_0229_52570_52570_EH1.wav,EH1,0.09136565986701227,0.16898336786621468,0.07761770799920241,W,N,when,EH,1,0,1.0,1.0,0.0,1.0,229.0
JoanKim_UCmPgDOHAAM4lmNlU4CcuMYw_QLPBJgjADM_0230_52680_52680_ER0.wav,ER0,0.09569439266920499,0.1791489523099484,0.08345455964074341,N,Y,when,ER,0,0,1.0,1.0,0.0,1.0,230.0
JoanKim_UCmPgDOHAAM4lmNlU4CcuMYw_QLPBJgjADM_0231_52820_52820_UW1.wav,UW1,0.03237620178761844,0.12241274306669324,0.09003654127907479,Y,G,you,UW,1,0,1.0,1.0,0.0,1.0,231.0
JoanKim_UCmPgDOHAAM4lmNlU4CcuMYw_QLPBJgjADM_0232_52900_52900_OW1.wav,OW1,0.10000000000000142,0.14999999999999858,0.04999999999999716,G,IH0,going,OW,1,1,1.0,1.0,0.0,1.0,232.0
JoanKim_UCmPgDOHAAM4lmNlU4CcuMYw_QLPBJgjADM_0233_52960_52960_IH0.wav,IH0,0.10000000000000142,0.1775365340546261,0.07753653405462468,OW1,NG,going,IH,0,0,1.0,1.0,0.0,1.0,233.0
JoanKim_UCmPgDOHAAM4lmNlU4CcuMYw_QLPBJgjADM_0234_53170_53170_IH0.wav,IH0,0.11438757596511702,0.18361567214858493,0.06922809618346791,T,DH,to,IH,0,0,1.0,1.0,0.0,2.0,234.0
JoanKim_UCmPgDOHAAM4lmNlU4CcuMYw_QLPBJgjADM_0235_53270_53270_AH0.wav,AH0,0.09688514132473608,0.1255174513866649,0.028632310061928817,DH,F,the,AH,0,0,1.0,1.0,0.0,1.0,235.0
JoanKim_UCmPgDOHAAM4lmNlU4CcuMYw_QLPBJgjADM_0236_53400_53400_IH1.wav,IH1,0.11403489988354094,0.14488880123220144,0.030853901348660492,F,L,philippines,IH,1,0,1.0,1.0,0.0,1.0,236.0
JoanKim_UCmPgDOHAAM4lmNlU4CcuMYw_QLPBJgjADM_0237_53530_53530_AH0.wav,AH0,0.11558806318216854,0.16680885110981983,0.05122078792765129,L,P,philippines,AH,0,0,1.0,1.0,0.0,1.0,237.0
JoanKim_UCmPgDOHAAM4lmNlU4CcuMYw_QLPBJgjADM_0238_53690_53690_IY2.wav,IY2,0.10000000000000142,0.2251931962999312,0.12519319629992978,P,N,philippines,IY,2,0,1.0,1.0,0.0,1.0,238.0
JoanKim_UCmPgDOHAAM4lmNlU4CcuMYw_QLPBJgjADM_0239_54460_54460_AY1.wav,AY1,0.23668019084112993,0.42180359893309544,0.1851234080919655,,M,i'm,AY,1,1,1.0,1.0,0.0,1.0,239.0
JoanKim_UCmPgDOHAAM4lmNlU4CcuMYw_QLPBJgjADM_0240_54800_54800_AY1.wav,AY1,0.0838311558834513,0.22292208861802526,0.13909093273457396,F,N,finally,AY,1,1,1.0,1.0,0.0,1.0,240.0
JoanKim_UCmPgDOHAAM4lmNlU4CcuMYw_QLPBJgjADM_0241_54960_54960_AH0.wav,AH0,0.09344317390412323,0.16414773137753028,0.07070455747340705,N,L,finally,AH,0,0,1.0,1.0,0.0,4.0,241.0
JoanKim_UCmPgDOHAAM4lmNlU4CcuMYw_QLPBJgjADM_0242_55100_55100_IY0.wav,IY0,0.10000000000000142,0.17999999999999972,0.0799999999999983,L,G,finally,IY,0,0,1.0,1.0,0.0,4.0,242.0
JoanKim_UCmPgDOHAAM4lmNlU4CcuMYw_QLPBJgjADM_0243_55440_55440_OW1.wav,OW1,0.07280760994893942,0.27048783835722423,0.1976802284082848,G,IH0,going,OW,1,1,1.0,1.0,0.0,1.0,243.0
JoanKim_UCmPgDOHAAM4lmNlU4CcuMYw_QLPBJgjADM_0244_55510_55510_IH0.wav,IH0,0.10000000000000142,0.26632916193464656,0.16632916193464514,OW1,NG,going,IH,0,0,1.0,1.0,0.0,1.0,244.0
JoanKim_UCmPgDOHAAM4lmNlU4CcuMYw_QLPBJgjADM_0245_56182_56182_IH1.wav,IH1,0.1298206168526266,0.1600000000000037,0.030179383147377087,,N,in,IH,1,0,1.0,1.0,1.0,1.0,245.0
JoanKim_UCmPgDOHAAM4lmNlU4CcuMYw_QLPBJgjADM_0246_56452_56452_AH0.wav,AH0,0.10000000000000142,0.1505300291578873,0.050530029157885875,DH,,the,AH,0,0,1.0,1.0,0.0,1.0,246.0
JoanKim_UCmPgDOHAAM4lmNlU4CcuMYw_QLPBJgjADM_0247_56662_56662_ER1.wav,ER1,0.07817774753140395,0.19999999999999574,0.12182225246859178,F,S,first,ER,1,0,1.0,1.0,0.0,1.0,247.0
JoanKim_UCmPgDOHAAM4lmNlU4CcuMYw_QLPBJgjADM_0248_57072_57072_IY1.wav,IY1,0.09998172936046476,0.1656083638927696,0.06562663453230483,W,K,weekend,IY,1,0,1.0,1.0,0.0,1.0,248.0
JoanKim_UCmPgDOHAAM4lmNlU4CcuMYw_QLPBJgjADM_0249_57272_57272_EH2.wav,EH2,0.07277068577389754,0.19682103153617803,0.12405034576228048,K,N,weekend,EH,2,0,1.0,1.0,0.0,1.0,249.0
JoanKim_UCmPgDOHAAM4lmNlU4CcuMYw_QLPBJgjADM_0250_57622_57622_AH1.wav,AH1,0.13471062456834063,0.26183808124330255,0.12712745667496192,,V,of,AH,1,0,1.0,1.0,0.0,5.0,250.0
JoanKim_UCmPgDOHAAM4lmNlU4CcuMYw_QLPBJgjADM_0251_58282_58282_EY1.wav,EY1,0.08631733550644934,0.3600284209948393,0.27371108548838996,M,,may,EY,1,1,1.0,3.0,0.0,1.0,251.0
JoanKim_UCmPgDOHAAM4lmNlU4CcuMYw_QLPBJgjADM_0254_59544_59544_IY1.wav,IY1,0.0931038847324229,0.21100000866934748,0.11789612393692459,T,N,christine,IY,1,0,1.0,1.0,0.0,1.0,254.0
JoanKim_UCmPgDOHAAM4lmNlU4CcuMYw_QLPBJgjADM_0256_59884_59884_OW1.wav,OW1,0.11321103780700402,0.14665909544079392,0.0334480576337899,G,IH0,going,OW,1,1,1.0,1.0,1.0,1.0,256.0
JoanKim_UCmPgDOHAAM4lmNlU4CcuMYw_QLPBJgjADM_0262_61754_61754_UW1.wav,UW1,0.09040381075403206,0.14245252090034258,0.05204871014631052,Y,V,you've,UW,1,0,1.0,1.0,1.0,1.0,262.0
JoanKim_UCmPgDOHAAM4lmNlU4CcuMYw_QLPBJgjADM_0263_61994_61994_AO1.wav,AO1,0.1359963458720921,0.21122687814082994,0.07523053226873783,,L,always,AO,1,0,1.0,1.0,1.0,1.0,263.0
JoanKim_UCmPgDOHAAM4lmNlU4CcuMYw_QLPBJgjADM_0265_62434_62434_AO1.wav,AO1,0.10271590275309725,0.18346591647955876,0.08075001372646151,W,N,wanted,AO,1,0,1.0,1.0,0.0,1.0,265.0
JoanKim_UCmPgDOHAAM4lmNlU4CcuMYw_QLPBJgjADM_0271_63594_63594_AE1.wav,AE1,0.0925089221984315,0.1600000000000037,0.0674910778015722,HH,V,haven't,AE,1,0,1.0,4.0,1.0,1.0,271.0
JoanKim_UCmPgDOHAAM4lmNlU4CcuMYw_QLPBJgjADM_0277_65338_65338_UW1.wav,UW1,0.10516436351130894,0.15828937254187112,0.05312500903056218,D,Y,do,UW,1,0,1.0,1.0,0.0,1.0,277.0
JoanKim_UCmPgDOHAAM4lmNlU4CcuMYw_QLPBJgjADM_0278_65518_65518_UW1.wav,UW1,0.0966107855291296,0.14451988458214654,0.047909099053016935,Y,P,you,UW,1,0,1.0,1.0,0.0,1.0,278.0
JoanKim_UCmPgDOHAAM4lmNlU4CcuMYw_QLPBJgjADM_0279_65798_65798_AE1.wav,AE1,0.08625566758272087,0.23999999999998067,0.15374433241725982,L,N,plan,AE,1,0,1.0,1.0,0.0,1.0,279.0
JoanKim_UCmPgDOHAAM4lmNlU4CcuMYw_QLPBJgjADM_0283_66618_66618_OW1.wav,OW1,0.09999999999999432,0.18041437290309778,0.08041437290310346,S,L,seoul,OW,1,1,1.0,1.0,0.0,4.0,283.0
JoanKim_UCmPgDOHAAM4lmNlU4CcuMYw_QLPBJgjADM_0286_67228_67228_AO1.wav,AO1,0.11515868509190436,0.17609376038514216,0.0609350752932378,D,R,or,AO,1,0,1.0,1.0,1.0,1.0,286.0
JoanKim_UCmPgDOHAAM4lmNlU4CcuMYw_QLPBJgjADM_0287_67508_67508_OW1.wav,OW1,0.09089609214933037,0.20967533311948505,0.11877924097015469,G,B,go,OW,1,1,1.0,1.0,0.0,1.0,287.0
JoanKim_UCmPgDOHAAM4lmNlU4CcuMYw_QLPBJgjADM_0288_67688_67688_AE1.wav,AE1,0.08610226356534982,0.1799999999999926,0.09389773643464279,B,K,back,AE,1,0,1.0,4.0,0.0,1.0,288.0
JoanKim_UCmPgDOHAAM4lmNlU4CcuMYw_QLPBJgjADM_0291_68318_68318_EY1.wav,EY1,0.0833814770825894,0.18769967663351317,0.10431819955092377,T,T,states,EY,1,1,1.0,4.0,0.0,1.0,291.0
JoanKim_UCmPgDOHAAM4lmNlU4CcuMYw_QLPBJgjADM_0297_69728_69728_AA1.wav,AA1,0.09358522108268201,0.18363556106539797,0.09005033998271596,W,N,wanna,AA,1,0,1.0,1.0,0.0,1.0,297.0
JoanKim_UCmPgDOHAAM4lmNlU4CcuMYw_QLPBJgjADM_0299_70008_70008_UW1.wav,UW1,0.08190339751536174,0.2065056914234076,0.12460229390804586,M,V,move,UW,1,0,1.0,1.0,0.0,1.0,299.0
JoanKim_UCmPgDOHAAM4lmNlU4CcuMYw_QLPBJgjADM_0300_70428_70428_AE1.wav,AE1,0.07629259175776637,0.25450284932393363,0.17821025756616726,B,K,back,AE,1,0,1.0,1.0,1.0,1.0,300.0
JoanKim_UCmPgDOHAAM4lmNlU4CcuMYw_QLPBJgjADM_0301_71038_71038_UW1.wav,UW1,0.10370573216932835,0.3907877614890416,0.28708202931971327,T,,to,UW,1,0,1.0,1.0,0.0,1.0,301.0
JoanKim_UCmPgDOHAAM4lmNlU4CcuMYw_QLPBJgjADM_0304_71538_71538_AO1.wav,AO1,0.09999999999999432,0.14999999999999147,0.04999999999999716,F,R,california,AO,1,0,1.0,1.0,0.0,1.0,304.0
JoanKim_UCmPgDOHAAM4lmNlU4CcuMYw_QLPBJgjADM_0306_72688_72688_AE1.wav,AE1,0.12415541097018154,0.497755312139662,0.3735999011694805,,N,and,AE,1,0,1.0,1.0,0.0,1.0,306.0
JoanKim_UCmPgDOHAAM4lmNlU4CcuMYw_QLPBJgjADM_0307_73258_73258_AE1.wav,AE1,0.2997045488040578,0.4534773022161633,0.1537727534121055,DH,T,that,AE,1,0,1.0,4.0,0.0,1.0,307.0
JoanKim_UCmPgDOHAAM4lmNlU4CcuMYw_QLPBJgjADM_0312_74368_74368_AA1.wav,AA1,0.0823173586246908,0.15641639719459183,0.07409903856990102,R,B,probably,AA,1,0,1.0,1.0,0.0,1.0,312.0
JoanKim_UCmPgDOHAAM4lmNlU4CcuMYw_QLPBJgjADM_0315_74818_74818_OW1.wav,OW1,0.09999999999999432,0.14999999999999147,0.04999999999999716,G,IH0,going,OW,1,1,1.0,1.0,1.0,1.0,315.0
JoanKim_UCmPgDOHAAM4lmNlU4CcuMYw_QLPBJgjADM_0318_75298_75298_EY1.wav,EY1,0.08999755813515854,0.15999999999998238,0.07000244186482384,T,K,take,EY,1,1,1.0,1.0,1.0,1.0,318.0
JoanKim_UCmPgDOHAAM4lmNlU4CcuMYw_QLPBJgjADM_0320_75758_75758_UW1.wav,UW1,0.09999999999999432,0.18042614153567707,0.08042614153568275,Y,Y,few,UW,1,0,1.0,4.0,0.0,1.0,320.0
JoanKim_UCmPgDOHAAM4lmNlU4CcuMYw_QLPBJgjADM_0323_76658_76658_UW1.wav,UW1,0.09999999999999432,0.14308726126797167,0.04308726126797735,D,Y,do,UW,1,0,1.0,1.0,0.0,1.0,323.0
JoanKim_UCmPgDOHAAM4lmNlU4CcuMYw_QLPBJgjADM_0324_76828_76828_UW1.wav,UW1,0.10508521963778888,0.19999999999998863,0.09491478036219975,Y,L,you,UW,1,0,1.0,1.0,1.0,1.0,324.0
JoanKim_UCmPgDOHAAM4lmNlU4CcuMYw_QLPBJgjADM_0326_77458_77458_OW1.wav,OW1,0.08417409340349677,0.23000000000000398,0.1458259065965072,M,S,most,OW,1,1,1.0,1.0,0.0,1.0,326.0
JoanKim_UCmPgDOHAAM4lmNlU4CcuMYw_QLPBJgjADM_0332_78728_78728_OW1.wav,OW1,0.09999999999999432,0.2599999999999909,0.1599999999999966,S,L,seoul,OW,1,1,1.0,4.0,0.0,1.0,332.0
JoanKim_UCmPgDOHAAM4lmNlU4CcuMYw_QLPBJgjADM_0333_79272_79272_UW1.wav,UW1,0.055493090533942344,0.12999999999999545,0.07450690946605311,Y,D,you,UW,1,0,1.0,1.0,0.0,1.0,333.0
JoanKim_UCmPgDOHAAM4lmNlU4CcuMYw_QLPBJgjADM_0334_79652_79652_OW1.wav,OW1,0.07438066216438718,0.26104952506451123,0.18666886290012405,D,N,don't,OW,1,1,1.0,1.0,0.0,1.0,334.0
JoanKim_UCmPgDOHAAM4lmNlU4CcuMYw_QLPBJgjADM_0335_79882_79882_AE1.wav,AE1,0.0884995896511128,0.13864407869450643,0.05014448904339362,HH,V,have,AE,1,0,1.0,1.0,0.0,1.0,335.0
JoanKim_UCmPgDOHAAM4lmNlU4CcuMYw_QLPBJgjADM_0338_81090_81090_AE1.wav,AE1,0.13439772632040684,0.19544319124279894,0.0610454649223921,,N,and,AE,1,0,1.0,1.0,0.0,1.0,338.0
JoanKim_UCmPgDOHAAM4lmNlU4CcuMYw_QLPBJgjADM_0347_83090_83090_UW1.wav,UW1,0.11392045011226266,0.15719318474079377,0.04327273462853111,T,Y,to,UW,1,0,1.0,1.0,0.0,3.0,347.0
JoanKim_UCmPgDOHAAM4lmNlU4CcuMYw_QLPBJgjADM_0348_83460_83460_UW1.wav,UW1,0.09999999999999432,0.2913392978410338,0.19133929784103948,Y,,you,UW,1,0,1.0,1.0,0.0,1.0,348.0
JoanKim_UCmPgDOHAAM4lmNlU4CcuMYw_QLPBJgjADM_0352_84226_84226_AE1.wav,AE1,0.08183481579091492,0.13959618924596326,0.05776137345504834,NG,N,everything,AE,1,0,1.0,1.0,1.0,1.0,352.0
JoanKim_UCmPgDOHAAM4lmNlU4CcuMYw_QLPBJgjADM_0365_87086_87086_AA1.wav,AA1,0.061346565639925695,0.24332386930098365,0.18197730366105797,JH,B,job,AA,1,0,1.0,4.0,0.0,1.0,365.0
JoanKim_UCmPgDOHAAM4lmNlU4CcuMYw_QLPBJgjADM_0370_88090_88090_UW1.wav,UW1,0.08278692634237177,0.1262666415255675,0.043479715183195725,Y,T,youtuber,UW,1,0,1.0,1.0,1.0,1.0,370.0
JoanKim_UCmPgDOHAAM4lmNlU4CcuMYw_QLPBJgjADM_0373_88870_88870_AE1.wav,AE1,0.19576338618741898,0.3844882559305402,0.18872486974312122,ER0,N,and,AE,1,0,1.0,1.0,0.0,1.0,373.0
JoanKim_UCmPgDOHAAM4lmNlU4CcuMYw_QLPBJgjADM_0375_89200_89200_AO1.wav,AO1,0.11884090889386899,0.1840811797241267,0.0652402708302577,AY1,L,also,AO,1,0,1.0,1.0,1.0,1.0,375.0
JoanKim_UCmPgDOHAAM4lmNlU4CcuMYw_QLPBJgjADM_0377_89800_89800_AO1.wav,AO1,0.1110852138582318,0.21910146598583166,0.10801625212759987,T,K,talk,AO,1,0,1.0,1.0,0.0,1.0,377.0
JoanKim_UCmPgDOHAAM4lmNlU4CcuMYw_QLPBJgjADM_0378_90130_90130_AA1.wav,AA1,0.1795381407727827,0.3807508373140012,0.2012126965412185,K,N,on,AA,1,0,1.0,1.0,0.0,1.0,378.0
JoanKim_UCmPgDOHAAM4lmNlU4CcuMYw_QLPBJgjADM_0380_90450_90450_EY1.wav,EY1,0.08557588275580408,0.19842168115890252,0.11284579840309844,R,D,radio,EY,1,1,1.0,1.0,0.0,1.0,380.0
JoanKim_UCmPgDOHAAM4lmNlU4CcuMYw_QLPBJgjADM_0385_91480_91480_AA1.wav,AA1,0.09237052336820853,0.22999999999998977,0.13762947663178124,N,T,not,AA,1,0,1.0,1.0,0.0,1.0,385.0
JoanKim_UCmPgDOHAAM4lmNlU4CcuMYw_QLPBJgjADM_0386_91650_91650_UW1.wav,UW1,0.08183481579091492,0.13959618924596326,0.05776137345504834,D,IH0,doing,UW,1,0,1.0,1.0,0.0,1.0,386.0
JoanKim_UCmPgDOHAAM4lmNlU4CcuMYw_QLPBJgjADM_0388_91970_91970_OW1.wav,OW1,0.0687158969735293,0.1799999999999926,0.11128410302646331,JH,N,joanday,OW,1,1,1.0,1.0,0.0,1.0,388.0
JoanKim_UCmPgDOHAAM4lmNlU4CcuMYw_QLPBJgjADM_0390_92380_92380_AA1.wav,AA1,0.09489974627723614,0.18943466494434996,0.09453491866711382,L,G,vlogs,AA,1,0,1.0,1.0,0.0,1.0,390.0
JoanKim_UCmPgDOHAAM4lmNlU4CcuMYw_QLPBJgjADM_0393_92730_92730_AO1.wav,AO1,0.09999999999999432,0.16277395122626923,0.06277395122627491,M,R,anymore,AO,1,0,1.0,4.0,0.0,1.0,393.0
JoanKim_UCmPgDOHAAM4lmNlU4CcuMYw_QLPBJgjADM_0397_93650_93650_AE1.wav,AE1,0.16654829401785515,0.27279831207897953,0.10625001806112438,AH0,N,answered,AE,1,0,1.0,1.0,1.0,1.0,397.0
JoanKim_UCmPgDOHAAM4lmNlU4CcuMYw_QLPBJgjADM_0408_95360_95360_AA1.wav,AA1,0.08648862726739028,0.19776137345504166,0.11127274618765139,SH,R,charlotte,AA,1,0,1.0,1.0,0.0,1.0,408.0
JoanKim_UCmPgDOHAAM4lmNlU4CcuMYw_QLPBJgjADM_0410_96240_96240_AE1.wav,AE1,0.1498749880796483,0.35508930867770966,0.20521432059806136,,N,and,AE,1,0,1.0,1.0,0.0,1.0,410.0
JoanKim_UCmPgDOHAAM4lmNlU4CcuMYw_QLPBJgjADM_0412_96650_96650_EY1.wav,EY1,0.09999999999999432,0.17095252234521904,0.07095252234522473,T,K,taking,EY,1,1,1.0,1.0,1.0,1.0,412.0
JoanKim_UCmPgDOHAAM4lmNlU4CcuMYw_QLPBJgjADM_0415_97250_97250_EY1.wav,EY1,0.09999999999999432,0.24961648995656252,0.1496164899565682,R,K,break,EY,1,1,1.0,1.0,0.0,1.0,415.0
JoanKim_UCmPgDOHAAM4lmNlU4CcuMYw_QLPBJgjADM_0417_98240_98240_AE1.wav,AE1,0.09999999999999432,0.19999999999998863,0.09999999999999432,AY1,M,am,AE,1,0,1.0,1.0,0.0,1.0,417.0
JoanKim_UCmPgDOHAAM4lmNlU4CcuMYw_QLPBJgjADM_0422_99250_99250_EY1.wav,EY1,0.11344641045869433,0.2883035830392966,0.17485717258060227,W,T,way,EY,1,1,1.0,1.0,0.0,1.0,422.0
JoanKim_UCmPgDOHAAM4lmNlU4CcuMYw_QLPBJgjADM_0423_99910_99910_UW1.wav,UW1,0.09999999999999432,0.5037354174432898,0.40373541744329544,T,,to,UW,1,0,1.0,1.0,0.0,1.0,423.0
JoanKim_UCmPgDOHAAM4lmNlU4CcuMYw_QLPBJgjADM_0424_100290_100290_AA1.wav,AA1,0.08880680947963301,0.1799999999999926,0.0911931905203596,T,R,start,AA,1,0,1.0,1.0,1.0,5.0,424.0
JoanKim_UCmPgDOHAAM4lmNlU4CcuMYw_QLPBJgjADM_0425_100610_100610_OW1.wav,OW1,0.0670068877926977,0.18063921230352836,0.11363232451083066,JH,N,joanday,OW,1,1,1.0,1.0,1.0,1.0,425.0
JoanKim_UCmPgDOHAAM4lmNlU4CcuMYw_QLPBJgjADM_0433_103490_103490_AO1.wav,AO1,0.07094519675072766,0.20697281727625796,0.1360276205255303,R,S,process,AO,1,0,1.0,4.0,0.0,1.0,433.0
JoanKim_UCmPgDOHAAM4lmNlU4CcuMYw_QLPBJgjADM_0438_113034_113034_AO1.wav,AO1,0.09999999999999432,0.28999999999999204,0.18999999999999773,,L,all,AO,1,0,1.0,1.0,0.0,1.0,438.0
JoanKim_UCmPgDOHAAM4lmNlU4CcuMYw_QLPBJgjADM_0441_113444_113444_OW1.wav,OW1,0.07117003615115321,0.2204306134715636,0.14926057732041037,JH,N,joanday,OW,1,1,1.0,1.0,0.0,1.0,441.0
JoanKim_UCmPgDOHAAM4lmNlU4CcuMYw_QLPBJgjADM_0443_113954_113954_AA1.wav,AA1,0.09999999999999432,0.269999999999996,0.1700000000000017,L,G,vlogs,AA,1,0,1.0,1.0,1.0,1.0,443.0
JoanKim_UCmPgDOHAAM4lmNlU4CcuMYw_QLPBJgjADM_0446_114574_114574_AE1.wav,AE1,0.07605680731229796,0.1799999999999926,0.10394319268769465,B,K,back,AE,1,0,1.0,4.0,0.0,1.0,446.0
JoanKim_UCmPgDOHAAM4lmNlU4CcuMYw_QLPBJgjADM_0454_117040_117040_AA1.wav,AA1,0.09267044650003758,0.1799999999999926,0.08732955349995503,D,K,documented,AA,1,0,1.0,1.0,1.0,1.0,454.0
JoanKim_UCmPgDOHAAM4lmNlU4CcuMYw_QLPBJgjADM_0462_118520_118520_OW1.wav,OW1,0.08696507988799104,0.2914618678965539,0.20449678800856283,G,B,go,OW,1,1,1.0,1.0,0.0,1.0,462.0
JoanKim_UCmPgDOHAAM4lmNlU4CcuMYw_QLPBJgjADM_0463_118770_118770_AE1.wav,AE1,0.08333399075847787,0.3045134114729973,0.22117942071451946,B,K,back,AE,1,0,1.0,1.0,0.0,1.0,463.0
JoanKim_UCmPgDOHAAM4lmNlU4CcuMYw_QLPBJgjADM_0465_119200_119200_AA1.wav,AA1,0.09999999999999432,0.19422078503785778,0.09422078503786346,W,CH,watch,AA,1,0,1.0,1.0,0.0,1.0,465.0
JoanKim_UCmPgDOHAAM4lmNlU4CcuMYw_QLPBJgjADM_0470_121804_121804_AE1.wav,AE1,0.0834800980791579,0.1795880689617204,0.09610797088256248,DH,T,that,AE,1,0,1.0,1.0,0.0,1.0,470.0
JoanKim_UCmPgDOHAAM4lmNlU4CcuMYw_QLPBJgjADM_0471_122044_122044_OW1.wav,OW1,0.08852677526463085,0.20000000000000284,0.111473224735372,M,M,moment,OW,1,1,1.0,1.0,1.0,1.0,471.0
JoanKim_UCmPgDOHAAM4lmNlU4CcuMYw_QLPBJgjADM_0475_123024_123024_UW1.wav,UW1,0.08856249295615604,0.1653384800330533,0.07677598707689726,Y,Z,confused,UW,1,0,1.0,1.0,0.0,1.0,475.0
JoanKim_UCmPgDOHAAM4lmNlU4CcuMYw_QLPBJgjADM_0481_124704_124704_UW1.wav,UW1,0.08162336330035919,0.19642857762095478,0.1148052143205956,R,S,grew,UW,1,0,1.0,1.0,0.0,1.0,481.0
JoanKim_UCmPgDOHAAM4lmNlU4CcuMYw_QLPBJgjADM_0483_125334_125334_AE1.wav,AE1,0.0891606920447189,0.3399999999999892,0.2508393079552703,F,S,fast,AE,1,0,1.0,4.0,0.0,1.0,483.0
JoanKim_UCmPgDOHAAM4lmNlU4CcuMYw_QLPBJgjADM_0511_131374_131374_AA1.wav,AA1,0.09999999999999432,0.12999999999996703,0.029999999999972715,G,T,got,AA,1,0,2.0,1.0,0.0,1.0,511.0
JoanKim_UCmPgDOHAAM4lmNlU4CcuMYw_QLPBJgjADM_0513_131564_131564_AA1.wav,AA1,0.09999999999999432,0.19776137345505168,0.09776137345505737,L,T,lot,AA,1,0,1.0,1.0,0.0,1.0,513.0
JoanKim_UCmPgDOHAAM4lmNlU4CcuMYw_QLPBJgjADM_0519_132494_132494_AA1.wav,AA1,0.09035226428779024,0.19582955494482943,0.10547729065703919,R,D,products,AA,1,0,1.0,1.0,0.0,1.0,519.0
JoanKim_UCmPgDOHAAM4lmNlU4CcuMYw_QLPBJgjADM_0521_132904_132904_OW1.wav,OW1,0.08600770271089764,0.19852233222653387,0.11251462951563623,S,AY1,so,OW,1,1,1.0,1.0,0.0,1.0,521.0
JoanKim_UCmPgDOHAAM4lmNlU4CcuMYw_QLPBJgjADM_0523_133164_133164_OW1.wav,OW1,0.10956818004491133,0.15063312209035756,0.04106494204544624,G,IH0,going,OW,1,1,1.0,1.0,0.0,1.0,523.0
JoanKim_UCmPgDOHAAM4lmNlU4CcuMYw_QLPBJgjADM_0526_133464_133464_AE1.wav,AE1,0.14280884533024654,0.22836080792491575,0.08555196259466921,IH0,N,answer,AE,1,0,1.0,1.0,1.0,1.0,526.0
JoanKim_UCmPgDOHAAM4lmNlU4CcuMYw_QLPBJgjADM_0529_134094_134094_AO1.wav,AO1,0.19174431507859482,0.38878980311924416,0.19704548804064934,M,L,all,AO,1,0,1.0,1.0,0.0,1.0,529.0
JoanKim_UCmPgDOHAAM4lmNlU4CcuMYw_QLPBJgjADM_0544_137114_137114_AA1.wav,AA1,0.09999999999999432,0.21999999999999886,0.12000000000000455,B,K,box,AA,1,0,1.0,4.0,0.0,1.0,544.0
JoanKim_UCmPgDOHAAM4lmNlU4CcuMYw_QLPBJgjADM_0545_137434_137434_EY1.wav,EY1,0.08842044577758805,0.19582955494482943,0.10740910916724138,F,V,favorite,EY,1,1,1.0,1.0,0.0,1.0,545.0
JoanKim_UCmPgDOHAAM4lmNlU4CcuMYw_QLPBJgjADM_0558_140941_140941_EY1.wav,EY1,0.09225242524858815,0.19999999999998863,0.10774757475140048,F,V,favorite,EY,1,1,1.0,1.0,0.0,1.0,558.0
JoanKim_UCmPgDOHAAM4lmNlU4CcuMYw_QLPBJgjADM_0562_141601_141601_UW1.wav,UW1,0.09999999999999432,0.2599999999999909,0.1599999999999966,Y,M,perfume,UW,1,0,1.0,1.0,1.0,1.0,562.0
JoanKim_UCmPgDOHAAM4lmNlU4CcuMYw_QLPBJgjADM_0570_144371_144371_IY1.wav,IY1,0.08950768970688502,0.29777152381033445,0.20826383410344942,R,,three,IY,1,0,1.0,4.0,0.0,1.0,570.0
JoanKim_UCmPgDOHAAM4lmNlU4CcuMYw_QLPBJgjADM_0574_145271_145271_AA1.wav,AA1,0.09999999999999432,0.19257832751041815,0.09257832751042383,M,R,marble,AA,1,0,1.0,1.0,0.0,1.0,574.0
JoanKim_UCmPgDOHAAM4lmNlU4CcuMYw_QLPBJgjADM_0584_148221_148221_OW1.wav,OW1,0.08824309270127452,0.2026205472088915,0.11437745450761698,F,N,phone,OW,1,1,1.0,1.0,0.0,1.0,584.0
JoanKim_UCmPgDOHAAM4lmNlU4CcuMYw_QLPBJgjADM_0585_148521_148521_EY1.wav,EY1,0.0978940649680542,0.1997009004557199,0.1018068354876657,K,S,case,EY,1,1,1.0,1.0,1.0,1.0,585.0
JoanKim_UCmPgDOHAAM4lmNlU4CcuMYw_QLPBJgjADM_0589_149978_149978_EY1.wav,EY1,0.10134941929853294,0.19117898002294173,0.08982956072440879,P,P,paper,EY,1,1,1.0,1.0,0.0,1.0,589.0
JoanKim_UCmPgDOHAAM4lmNlU4CcuMYw_QLPBJgjADM_0592_150708_150708_UW1.wav,UW1,0.09999999999999432,0.12999999999999545,0.030000000000001137,D,Y,do,UW,1,0,3.0,1.0,0.0,5.0,592.0
JoanKim_UCmPgDOHAAM4lmNlU4CcuMYw_QLPBJgjADM_0596_151378_151378_IY1.wav,IY1,0.11245981759702403,0.16312865737889995,0.05066883978187592,P,JH,pjs,IY,1,0,1.0,1.0,0.0,1.0,596.0
JoanKim_UCmPgDOHAAM4lmNlU4CcuMYw_QLPBJgjADM_0600_152688_152688_EY1.wav,EY1,0.09999999999999432,0.20029018457029435,0.10029018457030003,M,SH,reformation,EY,1,1,1.0,4.0,1.0,1.0,600.0
JoanKim_UCmPgDOHAAM4lmNlU4CcuMYw_QLPBJgjADM_0608_154538_154538_EY1.wav,EY1,0.09999999999999432,0.2221473311428687,0.12214733114287438,D,SH,recommendations,EY,1,1,1.0,1.0,0.0,1.0,608.0
JoanKim_UCmPgDOHAAM4lmNlU4CcuMYw_QLPBJgjADM_0622_158290_158290_AO1.wav,AO1,0.09029259753732985,0.21895171031680935,0.1286591127794795,F,R,for,AO,1,0,1.0,1.0,0.0,1.0,622.0
JoanKim_UCmPgDOHAAM4lmNlU4CcuMYw_QLPBJgjADM_0623_158670_158670_EY1.wav,EY1,0.09999999999999432,0.18000000000000682,0.0800000000000125,M,K,make,EY,1,1,1.0,1.0,0.0,1.0,623.0
JoanKim_UCmPgDOHAAM4lmNlU4CcuMYw_QLPBJgjADM_0638_162014_162014_EY1.wav,EY1,0.09999999999999432,0.21000000000000796,0.11000000000001364,D,SH,recommendations,EY,1,1,1.0,1.0,1.0,1.0,638.0
JoanKim_UCmPgDOHAAM4lmNlU4CcuMYw_QLPBJgjADM_0644_163604_163604_UW1.wav,UW1,0.09999999999999432,0.15000000000000568,0.05000000000001137,Y,Z,using,UW,1,0,1.0,1.0,0.0,4.0,644.0
JoanKim_UCmPgDOHAAM4lmNlU4CcuMYw_QLPBJgjADM_0646_164084_164084_IY1.wav,IY1,0.09189771909595199,0.1799999999999784,0.08810228090402641,R,S,three,IY,1,0,1.0,1.0,1.0,4.0,646.0
JoanKim_UCmPgDOHAAM4lmNlU4CcuMYw_QLPBJgjADM_0647_164324_164324_IY1.wav,IY1,0.10910673261145871,0.19181616225540324,0.08270942964394452,S,IY1,c,IY,1,0,1.0,1.0,1.0,1.0,647.0
JoanKim_UCmPgDOHAAM4lmNlU4CcuMYw_QLPBJgjADM_0648_164904_164904_IY1.wav,IY1,0.27429786994251265,0.5648985686915163,0.2906006987490037,IY1,,e,IY,1,0,1.0,1.0,0.0,1.0,648.0
JoanKim_UCmPgDOHAAM4lmNlU4CcuMYw_QLPBJgjADM_0650_165904_165904_UW1.wav,UW1,0.08163919207505806,0.20999999999997954,0.1283608079249215,M,DH,smoother,UW,1,0,1.0,4.0,0.0,5.0,650.0
JoanKim_UCmPgDOHAAM4lmNlU4CcuMYw_QLPBJgjADM_0653_189468_189468_EY1.wav,EY1,0.09999999999999432,0.3099062627330962,0.20990626273310187,K,,okay,EY,1,1,1.0,1.0,1.0,1.0,653.0
JoanKim_UCmPgDOHAAM4lmNlU4CcuMYw_QLPBJgjADM_0658_190958_190958_EY1.wav,EY1,0.09112499169187112,0.1799999999999784,0.08887500830810728,F,V,favorite,EY,1,1,1.0,1.0,1.0,1.0,658.0
JoanKim_UCmPgDOHAAM4lmNlU4CcuMYw_QLPBJgjADM_0664_191978_191978_IY1.wav,IY1,0.11528001976609975,0.28000000000000114,0.1647199802339014,B,DH,be,IY,1,0,1.0,1.0,1.0,1.0,664.0
JoanKim_UCmPgDOHAAM4lmNlU4CcuMYw_QLPBJgjADM_0675_194512_194512_EY1.wav,EY1,0.09035226428779024,0.15062500180609834,0.0602727375183081,N,L,snail,EY,1,1,1.0,1.0,0.0,1.0,675.0
JoanKim_UCmPgDOHAAM4lmNlU4CcuMYw_QLPBJgjADM_0685_196752_196752_IY1.wav,IY1,0.10987133973130897,0.18986242475733203,0.07999108502602306,M,,me,IY,1,0,1.0,1.0,1.0,1.0,685.0
JoanKim_UCmPgDOHAAM4lmNlU4CcuMYw_QLPBJgjADM_0692_197564_197564_IY1.wav,IY1,0.09999999999999432,0.12999999999999545,0.030000000000001137,M,F,me,IY,1,0,2.0,1.0,0.0,1.0,692.0
JoanKim_UCmPgDOHAAM4lmNlU4CcuMYw_QLPBJgjADM_0693_197624_197624_EY1.wav,EY1,0.09999999999999432,0.12999999999996703,0.029999999999972715,F,D,fade,EY,1,1,2.0,1.0,0.0,1.0,693.0
JoanKim_UCmPgDOHAAM4lmNlU4CcuMYw_QLPBJgjADM_0695_197774_197774_AO1.wav,AO1,0.09999999999999432,0.12999999999999545,0.030000000000001137,L,T,lot,AO,1,0,2.0,1.0,0.0,1.0,695.0
JoanKim_UCmPgDOHAAM4lmNlU4CcuMYw_QLPBJgjADM_0700_198774_198774_AA1.wav,AA1,0.12619723621357073,0.22471998023388606,0.09852274402031533,K,R,scars,AA,1,0,1.0,1.0,0.0,1.0,700.0
JoanKim_UCmPgDOHAAM4lmNlU4CcuMYw_QLPBJgjADM_0701_199164_199164_AA1.wav,AA1,0.11735185538380768,0.27000000000001023,0.15264814461620255,Z,N,on,AA,1,0,1.0,2.0,0.0,1.0,701.0
JoanKim_UCmPgDOHAAM4lmNlU4CcuMYw_QLPBJgjADM_0705_200334_200334_OW1.wav,OW1,0.07528001976609686,0.19999999999998863,0.12471998023389178,N,AY1,know,OW,1,1,1.0,1.0,1.0,4.0,705.0
JoanKim_UCmPgDOHAAM4lmNlU4CcuMYw_QLPBJgjADM_0707_200594_200594_UW1.wav,UW1,0.09999999999999432,0.14533441989094514,0.04533441989095083,Y,Z,used,UW,1,0,1.0,1.0,0.0,1.0,707.0
JoanKim_UCmPgDOHAAM4lmNlU4CcuMYw_QLPBJgjADM_0709_200954_200954_AO1.wav,AO1,0.13083157056699285,0.20526177802435508,0.07443020745736223,T,N,on,AO,1,0,1.0,1.0,0.0,1.0,709.0
JoanKim_UCmPgDOHAAM4lmNlU4CcuMYw_QLPBJgjADM_0714_202664_202664_AA1.wav,AA1,0.08251580710134682,0.3100000000000023,0.22748419289865546,W,Z,was,AA,1,0,2.0,1.0,0.0,1.0,714.0
JoanKim_UCmPgDOHAAM4lmNlU4CcuMYw_QLPBJgjADM_0720_204044_204044_EY1.wav,EY1,0.09999999999999432,0.2599999999999909,0.1599999999999966,F,D,fade,EY,1,1,1.0,1.0,0.0,1.0,720.0
JoanKim_UCmPgDOHAAM4lmNlU4CcuMYw_QLPBJgjADM_0726_205064_205064_AA1.wav,AA1,0.08190339751536951,0.20000000000001705,0.11809660248464754,B,D,body,AA,1,0,1.0,1.0,1.0,1.0,726.0
JoanKim_UCmPgDOHAAM4lmNlU4CcuMYw_QLPBJgjADM_0737_207124_207124_EY1.wav,EY1,0.08892125925089818,0.13914854051615258,0.0502272812652544,N,L,snail,EY,1,1,1.0,1.0,1.0,1.0,737.0
JoanKim_UCmPgDOHAAM4lmNlU4CcuMYw_QLPBJgjADM_0740_208168_208168_UW1.wav,UW1,0.09284535771151874,0.2699999999999818,0.17715464228846306,HH,AA1,who,UW,1,0,1.0,1.0,0.0,1.0,740.0
JoanKim_UCmPgDOHAAM4lmNlU4CcuMYw_QLPBJgjADM_0743_208828_208828_UW1.wav,UW1,0.04200972700239802,0.13999999999998636,0.09799027299758833,Y,T,youtubers,UW,1,0,1.0,1.0,0.0,1.0,743.0
JoanKim_UCmPgDOHAAM4lmNlU4CcuMYw_QLPBJgjADM_0749_210138_210138_AA1.wav,AA1,0.09011118431889201,0.22696672706308407,0.13685554274419207,W,CH,watch,AA,1,0,1.0,1.0,1.0,1.0,749.0
JoanKim_UCmPgDOHAAM4lmNlU4CcuMYw_QLPBJgjADM_0750_213218_213218_EY1.wav,EY1,0.14673700393299383,0.26209416639936567,0.11535716246637184,,B,abe,EY,1,1,1.0,1.0,0.0,5.0,750.0
JoanKim_UCmPgDOHAAM4lmNlU4CcuMYw_QLPBJgjADM_0758_216078_216078_EY1.wav,EY1,0.08197442110464538,0.19842168115891223,0.11644726005426685,D,V,david,EY,1,1,1.0,1.0,0.0,5.0,758.0
JoanKim_UCmPgDOHAAM4lmNlU4CcuMYw_QLPBJgjADM_0761_220138_220138_UW1.wav,UW1,0.07397117299095006,0.16440787667570714,0.09043670368475708,Y,L,you,UW,1,0,1.0,1.0,0.0,1.0,761.0
JoanKim_UCmPgDOHAAM4lmNlU4CcuMYw_QLPBJgjADM_0765_222108_222108_EY1.wav,EY1,0.07913350643120604,0.19745739018109934,0.1183238837498933,D,V,david,EY,1,1,1.0,1.0,1.0,1.0,765.0
JoanKim_UCmPgDOHAAM4lmNlU4CcuMYw_QLPBJgjADM_0769_223228_223228_IY1.wav,IY1,0.09999999999999432,0.19999999999998863,0.09999999999999432,HH,D,he,IY,1,0,1.0,1.0,0.0,1.0,769.0
JoanKim_UCmPgDOHAAM4lmNlU4CcuMYw_QLPBJgjADM_0772_223978_223978_AA1.wav,AA1,0.09999999999999432,0.28000000000000114,0.18000000000000682,L,G,vlogs,AA,1,0,1.0,4.0,0.0,1.0,772.0
JoanKim_UCmPgDOHAAM4lmNlU4CcuMYw_QLPBJgjADM_0774_225520_225520_OW1.wav,OW1,0.08250648033359453,0.23749351966639862,0.15498703933280408,DH,Z,those,OW,1,1,1.0,1.0,0.0,1.0,774.0
JoanKim_UCmPgDOHAAM4lmNlU4CcuMYw_QLPBJgjADM_0776_226050_226050_AA1.wav,AA1,0.08644072914950755,0.2516112117718083,0.16517048262230072,L,G,vlogs,AA,1,0,1.0,1.0,0.0,1.0,776.0
JoanKim_UCmPgDOHAAM4lmNlU4CcuMYw_QLPBJgjADM_0784_229406_229406_IY1.wav,IY1,0.09999999999999432,0.19042046311626332,0.090420463116269,HH,Z,he's,IY,1,0,1.0,1.0,1.0,1.0,784.0
JoanKim_UCmPgDOHAAM4lmNlU4CcuMYw_QLPBJgjADM_0787_230516_230516_UW1.wav,UW1,0.07280843353648768,0.1251331177556853,0.05232468421919763,Y,V,you've,UW,1,0,1.0,1.0,0.0,1.0,787.0
JoanKim_UCmPgDOHAAM4lmNlU4CcuMYw_QLPBJgjADM_0788_230796_230796_AA1.wav,AA1,0.09318870702534696,0.18000609021317224,0.08681738318782528,W,CH,watched,AA,1,0,1.0,1.0,0.0,1.0,788.0
JoanKim_UCmPgDOHAAM4lmNlU4CcuMYw_QLPBJgjADM_0790_231296_231296_AA1.wav,AA1,0.09397929327518835,0.18999999999999773,0.09602070672480938,L,G,vlogs,AA,1,0,1.0,1.0,1.0,1.0,790.0
JoanKim_UCmPgDOHAAM4lmNlU4CcuMYw_QLPBJgjADM_0793_234650_234650_IY1.wav,IY1,0.09147766777344501,0.2009841798946216,0.1095065121211766,P,P,people,IY,1,0,1.0,1.0,0.0,1.0,793.0
JoanKim_UCmPgDOHAAM4lmNlU4CcuMYw_QLPBJgjADM_0800_236270_236270_AA1.wav,AA1,0.14564731813885848,0.21759375894024904,0.07194644080139057,,R,are,AA,1,0,1.0,1.0,0.0,1.0,800.0
JoanKim_UCmPgDOHAAM4lmNlU4CcuMYw_QLPBJgjADM_0801_236590_236590_UW1.wav,UW1,0.09999999999999432,0.18644034625352784,0.08644034625353353,Y,HH,you,UW,1,0,1.0,1.0,0.0,1.0,801.0
JoanKim_UCmPgDOHAAM4lmNlU4CcuMYw_QLPBJgjADM_0803_237230_237230_AO1.wav,AO1,0.09171062745811984,0.13862621984874884,0.04691559239062901,F,R,for,AO,1,0,1.0,1.0,0.0,1.0,803.0
JoanKim_UCmPgDOHAAM4lmNlU4CcuMYw_QLPBJgjADM_0807_244828_244828_UW1.wav,UW1,0.09168506012188356,0.12082792221864841,0.02914286209676485,Y,B,you,UW,1,0,1.0,1.0,0.0,1.0,807.0
JoanKim_UCmPgDOHAAM4lmNlU4CcuMYw_QLPBJgjADM_0813_246608_246608_UW1.wav,UW1,0.11171468760023173,0.1699999999999875,0.05828531239975576,HH,Y,who,UW,1,0,1.0,1.0,0.0,4.0,813.0
JoanKim_UCmPgDOHAAM4lmNlU4CcuMYw_QLPBJgjADM_0817_246988_246988_OW1.wav,OW1,0.09999999999999432,0.18112419700213497,0.08112419700214066,G,W,go,OW,1,1,1.0,1.0,0.0,1.0,817.0
JoanKim_UCmPgDOHAAM4lmNlU4CcuMYw_QLPBJgjADM_0818_247128_247128_AA1.wav,AA1,0.09999999999999432,0.18000000000000682,0.0800000000000125,W,CH,watch,AA,1,0,1.0,1.0,0.0,1.0,818.0
JoanKim_UCmPgDOHAAM4lmNlU4CcuMYw_QLPBJgjADM_0843_264898_264898_AO1.wav,AO1,0.10000000000002274,0.15427597985245362,0.05427597985243088,F,R,before,AO,1,0,1.0,1.0,0.0,4.0,843.0
JoanKim_UCmPgDOHAAM4lmNlU4CcuMYw_QLPBJgjADM_0849_267438_267438_IY1.wav,IY1,0.10873416761308546,0.16722687236129277,0.05849270474820731,L,S,releases,IY,1,0,1.0,1.0,1.0,1.0,849.0
JoanKim_UCmPgDOHAAM4lmNlU4CcuMYw_QLPBJgjADM_0873_272600_272600_OW1.wav,OW1,0.08294803885022695,0.23881819521629408,0.15587015636606713,D,N,don't,OW,1,1,1.0,1.0,0.0,1.0,873.0
JoanKim_UCmPgDOHAAM4lmNlU4CcuMYw_QLPBJgjADM_0875_273560_273560_AO1.wav,AO1,0.13752759018286334,0.26618670296236646,0.12865911277950312,N,N,on,AO,1,0,1.0,1.0,0.0,1.0,875.0
JoanKim_UCmPgDOHAAM4lmNlU4CcuMYw_QLPBJgjADM_0883_275290_275290_UW1.wav,UW1,0.08539202767255334,0.3087654422665554,0.22337341459400206,S,N,soon,UW,1,0,1.0,2.0,0.0,1.0,883.0
JoanKim_UCmPgDOHAAM4lmNlU4CcuMYw_QLPBJgjADM_0896_278830_278830_EY1.wav,EY1,0.0948997462772579,0.21000000000003638,0.11510025372277848,M,B,maybe,EY,1,1,1.0,1.0,0.0,1.0,896.0
JoanKim_UCmPgDOHAAM4lmNlU4CcuMYw_QLPBJgjADM_0916_283118_283118_IY1.wav,IY1,0.10000000000002274,0.2438798775889032,0.14387987758888046,W,K,week,IY,1,0,1.0,4.0,1.0,1.0,916.0
JoanKim_UCmPgDOHAAM4lmNlU4CcuMYw_QLPBJgjADM_0922_284578_284578_IY1.wav,IY1,0.10580681236942918,0.18000000000000682,0.07419318763057764,M,T,meeting,IY,1,0,1.0,1.0,0.0,1.0,922.0
JoanKim_UCmPgDOHAAM4lmNlU4CcuMYw_QLPBJgjADM_0927_285288_285288_AO1.wav,AO1,0.0879768571899255,0.20162298040441015,0.11364612321448465,L,T,lot,AO,1,0,1.0,1.0,1.0,1.0,927.0
JoanKim_UCmPgDOHAAM4lmNlU4CcuMYw_QLPBJgjADM_0949_290302_290302_EY1.wav,EY1,0.13675283270769745,0.26847525769621217,0.13172242498851472,,B,abe,EY,1,1,1.0,1.0,0.0,1.0,949.0
JoanKim_UCmPgDOHAAM4lmNlU4CcuMYw_QLPBJgjADM_0953_292362_292362_OW1.wav,OW1,0.0878157157842754,0.4082216144049951,0.3204058986207197,S,,so,OW,1,1,1.0,1.0,0.0,1.0,953.0
JoanKim_UCmPgDOHAAM4lmNlU4CcuMYw_QLPBJgjADM_0954_292572_292572_IY1.wav,IY1,0.10000000000002274,0.1400000000000432,0.040000000000020464,HH,D,he,IY,1,0,1.0,1.0,0.0,1.0,954.0
JoanKim_UCmPgDOHAAM4lmNlU4CcuMYw_QLPBJgjADM_0959_293382_293382_IY1.wav,IY1,0.11289040217082626,0.3204505023884688,0.20756010021764254,B,IH1,be,IY,1,0,1.0,1.0,0.0,1.0,959.0
JoanKim_UCmPgDOHAAM4lmNlU4CcuMYw_QLPBJgjADM_0966_294592_294592_IY1.wav,IY1,0.10644478929163709,0.25988637381629565,0.15344158452465856,HH,,he,IY,1,0,1.0,1.0,0.0,1.0,966.0
JoanKim_UCmPgDOHAAM4lmNlU4CcuMYw_QLPBJgjADM_0972_296648_296648_AO1.wav,AO1,0.14148334619287248,0.2762276872795015,0.134744341086629,,F,off,AO,1,0,1.0,4.0,0.0,1.0,972.0
JoanKim_UCmPgDOHAAM4lmNlU4CcuMYw_QLPBJgjADM_0974_297038_297038_EY1.wav,EY1,0.10420981109503756,0.2344419760899821,0.13023216499494455,L,N,plane,EY,1,1,1.0,1.0,0.0,1.0,974.0
JoanKim_UCmPgDOHAAM4lmNlU4CcuMYw_QLPBJgjADM_0983_302302_302302_IY1.wav,IY1,0.11468302716106457,0.19254911182587406,0.07786608466480949,HH,Z,he's,IY,1,0,1.0,1.0,0.0,1.0,983.0
JoanKim_UCmPgDOHAAM4lmNlU4CcuMYw_QLPBJgjADM_0995_307552_307552_EY1.wav,EY1,0.09318870702534696,0.20999999999997954,0.11681129297463258,M,D,made,EY,1,1,1.0,1.0,0.0,1.0,995.0
JoanKim_UCmPgDOHAAM4lmNlU4CcuMYw_QLPBJgjADM_0998_308122_308122_EY1.wav,EY1,0.08265461772534972,0.17000000000001592,0.08734538227466619,K,P,k,EY,1,1,1.0,1.0,1.0,3.0,998.0
JoanKim_UCmPgDOHAAM4lmNlU4CcuMYw_QLPBJgjADM_1000_309152_309152_UW1.wav,UW1,0.10865340546228373,0.160000000000025,0.05134659453774128,T,TH,two,UW,1,0,1.0,1.0,1.0,1.0,1000.0
JoanKim_UCmPgDOHAAM4lmNlU4CcuMYw_QLPBJgjADM_1003_310032_310032_UW1.wav,UW1,0.10000000000002274,0.40788638537544003,0.3078863853754173,T,,two,UW,1,0,1.0,1.0,0.0,1.0,1003.0
JoanKim_UCmPgDOHAAM4lmNlU4CcuMYw_QLPBJgjADM_1009_311492_311492_EY1.wav,EY1,0.08933886870858648,0.2232276901692561,0.1338888214606696,F,V,favorite,EY,1,1,1.0,1.0,0.0,1.0,1009.0
JoanKim_UCmPgDOHAAM4lmNlU4CcuMYw_QLPBJgjADM_1012_311932_311932_AO1.wav,AO1,0.10000000000002274,0.2517455504599398,0.15174555045991706,S,NG,song,AO,1,0,1.0,1.0,0.0,1.0,1012.0
JoanKim_UCmPgDOHAAM4lmNlU4CcuMYw_QLPBJgjADM_1015_312582_312582_EY1.wav,EY1,0.10000000000002274,0.24127233439391277,0.14127233439389003,L,T,latest,EY,1,1,1.0,1.0,0.0,1.0,1015.0
JoanKim_UCmPgDOHAAM4lmNlU4CcuMYw_QLPBJgjADM_1027_315722_315722_EY1.wav,EY1,0.0901943883345498,0.2155280135357747,0.12533362520122487,F,V,favorite,EY,1,1,1.0,1.0,0.0,1.0,1027.0
JoanKim_UCmPgDOHAAM4lmNlU4CcuMYw_QLPBJgjADM_1032_316482_316482_UW1.wav,UW1,0.07959333558737702,0.12623295390512854,0.04663961831775151,S,P,superhero,UW,1,0,1.0,1.0,1.0,1.0,1032.0
JoanKim_UCmPgDOHAAM4lmNlU4CcuMYw_QLPBJgjADM_1071_326446_326446_EY1.wav,EY1,0.10258115227123202,0.3084578106442451,0.20587665837301308,R,N,brain,EY,1,1,1.0,1.0,1.0,1.0,1071.0
JoanKim_UCmPgDOHAAM4lmNlU4CcuMYw_QLPBJgjADM_1072_327086_327086_OW1.wav,OW1,0.08338065349504546,0.3655641430210347,0.2821834895259892,S,AY1,so,OW,1,1,1.0,1.0,0.0,1.0,1072.0
JoanKim_UCmPgDOHAAM4lmNlU4CcuMYw_QLPBJgjADM_1082_330142_330142_UW1.wav,UW1,0.10000000000002274,0.410000000000025,0.3100000000000023,K,N,racoon,UW,1,0,1.0,1.0,0.0,1.0,1082.0
JoanKim_UCmPgDOHAAM4lmNlU4CcuMYw_QLPBJgjADM_1084_331136_331136_UW1.wav,UW1,0.10000000000002274,0.15626299317723327,0.056262993177210535,HH,EH1,who,UW,1,0,1.0,1.0,0.0,3.0,1084.0
JoanKim_UCmPgDOHAAM4lmNlU4CcuMYw_QLPBJgjADM_1086_331386_331386_UW1.wav,UW1,0.10000000000002274,0.12999999999999545,0.029999999999972715,HH,Z,who's,UW,1,0,2.0,1.0,0.0,1.0,1086.0
JoanKim_UCmPgDOHAAM4lmNlU4CcuMYw_QLPBJgjADM_1096_335558_335558_OW1.wav,OW1,0.19042572974193475,0.30989490589432034,0.11946917615238559,UW1,V,overcome,OW,1,1,1.0,1.0,0.0,1.0,1096.0
JoanKim_UCmPgDOHAAM4lmNlU4CcuMYw_QLPBJgjADM_1117_341926_341926_OW1.wav,OW1,0.10000000000002274,0.21000000000003638,0.11000000000001364,N,,know,OW,1,1,1.0,1.0,0.0,3.0,1117.0
JoanKim_UCmPgDOHAAM4lmNlU4CcuMYw_QLPBJgjADM_1118_343124_343124_EY1.wav,EY1,0.1566286443749066,0.3100000000000023,0.15337135562509568,,B,abe,EY,1,1,1.0,1.0,1.0,1.0,1118.0
JoanKim_UCmPgDOHAAM4lmNlU4CcuMYw_QLPBJgjADM_1122_343764_343764_IY1.wav,IY1,0.0879768571899255,0.1355961834664173,0.047619326276491805,D,L,deal,IY,1,0,1.0,1.0,1.0,1.0,1122.0
JoanKim_UCmPgDOHAAM4lmNlU4CcuMYw_QLPBJgjADM_1126_344804_344804_IY1.wav,IY1,0.10791233560762051,0.1503019532029299,0.0423896175953094,HH,JH,he,IY,1,0,1.0,1.0,0.0,1.0,1126.0
JoanKim_UCmPgDOHAAM4lmNlU4CcuMYw_QLPBJgjADM_1131_345934_345934_IY1.wav,IY1,0.10000000000002274,0.28000000000002956,0.18000000000000682,W,K,week,IY,1,0,1.0,4.0,0.0,5.0,1131.0
JoanKim_UCmPgDOHAAM4lmNlU4CcuMYw_QLPBJgjADM_1153_356910_356910_OW1.wav,OW1,0.1088108696217607,0.22140829135927462,0.11259742173751391,S,V,over,OW,1,1,1.0,1.0,0.0,4.0,1153.0
JoanKim_UCmPgDOHAAM4lmNlU4CcuMYw_QLPBJgjADM_1156_357330_357330_OW1.wav,OW1,0.09047848269167044,0.17000000000001592,0.07952151730834547,S,K,so,OW,1,1,1.0,1.0,0.0,1.0,1156.0
JoanKim_UCmPgDOHAAM4lmNlU4CcuMYw_QLPBJgjADM_1165_359140_359140_EY1.wav,EY1,0.09037783162405204,0.1988218435646555,0.10844401194060345,D,T,dater,EY,1,1,1.0,1.0,1.0,1.0,1165.0
JoanKim_UCmPgDOHAAM4lmNlU4CcuMYw_QLPBJgjADM_1170_359940_359940_IY1.wav,IY1,0.10000000000002274,0.1689261429806088,0.06892614298058605,S,N,seen,IY,1,0,1.0,1.0,0.0,1.0,1170.0
JoanKim_UCmPgDOHAAM4lmNlU4CcuMYw_QLPBJgjADM_1177_361914_361914_IY1.wav,IY1,0.09433441122162296,0.14599675766590628,0.051662346444283316,S,N,seen,IY,1,0,1.0,1.0,1.0,1.0,1177.0
JoanKim_UCmPgDOHAAM4lmNlU4CcuMYw_QLPBJgjADM_1181_362604_362604_EY1.wav,EY1,0.10000000000002274,0.19983482735006677,0.09983482735004404,M,B,maybe,EY,1,1,1.0,1.0,0.0,4.0,1181.0
JoanKim_UCmPgDOHAAM4lmNlU4CcuMYw_QLPBJgjADM_1185_363214_363214_UW1.wav,UW1,0.1055840030400776,0.19000000000005457,0.08441599695997697,T,W,two,UW,1,0,1.0,1.0,0.0,4.0,1185.0
JoanKim_UCmPgDOHAAM4lmNlU4CcuMYw_QLPBJgjADM_1186_363344_363344_IY1.wav,IY1,0.10518384063439272,0.2076254164897229,0.10244157585533019,W,K,weeks,IY,1,0,1.0,1.0,0.0,1.0,1186.0
JoanKim_UCmPgDOHAAM4lmNlU4CcuMYw_QLPBJgjADM_1191_376710_376710_EY1.wav,EY1,0.1457812450331986,0.25,0.10421875496680141,F,V,favorite,EY,1,1,1.0,1.0,0.0,4.0,1191.0
JoanKim_UCmPgDOHAAM4lmNlU4CcuMYw_QLPBJgjADM_1196_378370_378370_AO1.wav,AO1,0.08933439677271303,0.22842532950731537,0.13909093273460232,TH,R,thor,AO,1,0,1.0,1.0,0.0,1.0,1196.0
JoanKim_UCmPgDOHAAM4lmNlU4CcuMYw_QLPBJgjADM_1208_383260_383260_UW1.wav,UW1,0.08976662852157634,0.21000000000003638,0.12023337147846004,N,HH,new,UW,1,0,1.0,1.0,0.0,1.0,1208.0
JoanKim_UCmPgDOHAAM4lmNlU4CcuMYw_QLPBJgjADM_1240_394996_394996_AO1.wav,AO1,0.10000000000002274,0.160000000000025,0.060000000000002274,F,R,for,AO,1,0,1.0,1.0,0.0,4.0,1240.0
JoanKim_UCmPgDOHAAM4lmNlU4CcuMYw_QLPBJgjADM_1241_395216_395216_UW1.wav,UW1,0.10000000000002274,0.1500000000000341,0.05000000000001137,T,D,today's,UW,1,0,3.0,1.0,0.0,4.0,1241.0
JoanKim_UCmPgDOHAAM4lmNlU4CcuMYw_QLPBJgjADM_1244_396356_396356_OW1.wav,OW1,0.10000000000002274,0.14991152935875623,0.0499115293587335,HH,P,hope,OW,1,1,1.0,1.0,0.0,4.0,1244.0
JoanKim_UCmPgDOHAAM4lmNlU4CcuMYw_QLPBJgjADM_1256_398826_398826_AO1.wav,AO1,0.09142450302993871,0.15476055275729028,0.06333604972735157,M,R,more,AO,1,0,1.0,1.0,1.0,1.0,1256.0
JoanKim_UCmPgDOHAAM4lmNlU4CcuMYw_QLPBJgjADM_1280_404646_404646_OW1.wav,OW1,0.09010103396360787,0.28412460590617616,0.1940235719425683,L,,below,OW,1,1,1.0,1.0,1.0,4.0,1280.0
