filename,label,start_time,end_time,duration,pre_phone,post_phone,word,vowel,stress,diph,boundaries,creak,flag,issues,number
HeyRayLee_UCjY1by3wCccbvgIvFpSPIA_V0ejYx3coDs_0001_280_280_AE1.wav,AE1,0.0827747459160172,0.1644078766757117,0.08163313075969449,DH,T,that's,AE,1,0,1.0,1.0,0.0,1.0,1.0
HeyRayLee_UCjY1by3wCccbvgIvFpSPIA_V0ejYx3coDs_0002_450_450_EH1.wav,EH1,0.10000000000000003,0.14533441989093973,0.0453344198909397,W,N,when,EH,1,0,1.0,1.0,0.0,1.0,2.0
HeyRayLee_UCjY1by3wCccbvgIvFpSPIA_V0ejYx3coDs_0003_590_590_AY1.wav,AY1,0.09477961808656048,0.196020706724809,0.10124108863824853,N,S,i,AY,1,1,1.0,1.0,0.0,1.0,3.0
HeyRayLee_UCjY1by3wCccbvgIvFpSPIA_V0ejYx3coDs_0004_780_780_AA1.wav,AA1,0.08659536854820296,0.13,0.04340463145179704,T,R,started,AA,1,0,1.0,1.0,0.0,1.0,4.0
HeyRayLee_UCjY1by3wCccbvgIvFpSPIA_V0ejYx3coDs_0005_960_960_AH0.wav,AH0,0.08726135467147528,0.16723864099385344,0.07997728632237816,T,D,started,AH,0,0,1.0,1.0,0.0,1.0,5.0
HeyRayLee_UCjY1by3wCccbvgIvFpSPIA_V0ejYx3coDs_0006_1490_1490_EH1.wav,EH1,0.07791192381381726,0.16553369195513917,0.08762176814132192,G,T,getting,EH,1,0,1.0,1.0,0.0,1.0,6.0
HeyRayLee_UCjY1by3wCccbvgIvFpSPIA_V0ejYx3coDs_0007_1570_1570_IH0.wav,IH0,0.10824350449505422,0.14963961542796222,0.041396110932908,T,NG,getting,IH,0,0,1.0,1.0,0.0,1.0,7.0
HeyRayLee_UCjY1by3wCccbvgIvFpSPIA_V0ejYx3coDs_0008_1690_1690_AH0.wav,AH0,0.10000000000000009,0.16000000000000014,0.06000000000000005,NG,L,a,AH,0,0,1.0,4.0,0.0,1.0,8.0
HeyRayLee_UCjY1by3wCccbvgIvFpSPIA_V0ejYx3coDs_0009_1830_1830_AO1.wav,AO1,0.09196874268524226,0.18473742728588907,0.09276868460064681,L,T,lot,AO,1,0,1.0,1.0,1.0,1.0,9.0
HeyRayLee_UCjY1by3wCccbvgIvFpSPIA_V0ejYx3coDs_0010_1910_1910_AH0.wav,AH0,0.09103855112166842,0.13000000000000012,0.038961448878331695,T,V,of,AH,0,0,1.0,1.0,1.0,1.0,10.0
HeyRayLee_UCjY1by3wCccbvgIvFpSPIA_V0ejYx3coDs_0011_2070_2070_AY1.wav,AY1,0.10000000000000009,0.16999999999999993,0.06999999999999984,L,K,like,AY,1,1,1.0,1.0,1.0,1.0,11.0
HeyRayLee_UCjY1by3wCccbvgIvFpSPIA_V0ejYx3coDs_0012_2170_2170_AH0.wav,AH0,0.11259983470453445,0.15672808895901438,0.04412825425447993,K,R,a,AH,0,0,1.0,1.0,1.0,4.0,12.0
HeyRayLee_UCjY1by3wCccbvgIvFpSPIA_V0ejYx3coDs_0013_2360_2360_EY1.wav,EY1,0.10000000000000009,0.19627882195193141,0.09627882195193133,R,SH,racial,EY,1,1,1.0,1.0,1.0,1.0,13.0
HeyRayLee_UCjY1by3wCccbvgIvFpSPIA_V0ejYx3coDs_0014_2580_2580_AH0.wav,AH0,0.12288554733894538,0.19615666369019255,0.07327111635124717,SH,L,racial,AH,0,0,1.0,1.0,0.0,1.0,14.0
HeyRayLee_UCjY1by3wCccbvgIvFpSPIA_V0ejYx3coDs_0015_4180_4180_ER0.wav,ER0,0.07687619745294699,0.17858644201510163,0.10171024456215463,D,AA1,derogatory,ER,0,0,1.0,1.0,0.0,1.0,15.0
HeyRayLee_UCjY1by3wCccbvgIvFpSPIA_V0ejYx3coDs_0016_4220_4220_AA1.wav,AA1,0.06684739356214599,0.16984091756322067,0.10299352400107468,ER0,G,derogatory,AA,1,0,1.0,1.0,0.0,4.0,16.0
HeyRayLee_UCjY1by3wCccbvgIvFpSPIA_V0ejYx3coDs_0017_4360_4360_AH0.wav,AH0,0.08826095154704418,0.1331067383910278,0.04484578684398362,G,T,derogatory,AH,0,0,1.0,1.0,0.0,1.0,17.0
HeyRayLee_UCjY1by3wCccbvgIvFpSPIA_V0ejYx3coDs_0018_4540_4540_AO2.wav,AO2,0.12300405725233801,0.18650569142341852,0.06350163417108051,T,R,derogatory,AO,2,0,1.0,1.0,0.0,1.0,18.0
HeyRayLee_UCjY1by3wCccbvgIvFpSPIA_V0ejYx3coDs_0019_4720_4720_IY0.wav,IY0,0.09999999999999964,0.14560227367958653,0.045602273679586885,R,K,derogatory,IY,0,0,1.0,1.0,0.0,1.0,19.0
HeyRayLee_UCjY1by3wCccbvgIvFpSPIA_V0ejYx3coDs_0020_5020_5020_AA1.wav,AA1,0.11164934243036298,0.21999999999999886,0.10835065756963588,K,M,comments,AA,1,0,1.0,4.0,0.0,1.0,20.0
HeyRayLee_UCjY1by3wCccbvgIvFpSPIA_V0ejYx3coDs_0021_5210_5210_EH0.wav,EH0,0.11018261970194766,0.23999999999999932,0.12981738029805168,M,N,comments,EH,0,0,1.0,1.0,0.0,1.0,21.0
HeyRayLee_UCjY1by3wCccbvgIvFpSPIA_V0ejYx3coDs_0022_5500_5500_AH0.wav,AH0,0.12744317968368427,0.1618295491652864,0.03438636948160215,,B,about,AH,0,0,1.0,1.0,1.0,1.0,22.0
HeyRayLee_UCjY1by3wCccbvgIvFpSPIA_V0ejYx3coDs_0023_5660_5660_AW1.wav,AW1,0.09190542758642602,0.20999999999999996,0.11809457241357395,B,T,about,AW,1,1,1.0,1.0,1.0,1.0,23.0
HeyRayLee_UCjY1by3wCccbvgIvFpSPIA_V0ejYx3coDs_0024_5840_5840_IY1.wav,IY1,0.10785917086407315,0.1299999999999999,0.022140829135926743,B,IH0,being,IY,1,0,1.0,1.0,1.0,1.0,24.0
HeyRayLee_UCjY1by3wCccbvgIvFpSPIA_V0ejYx3coDs_0025_5870_5870_IH0.wav,IH0,0.09999999999999964,0.1299999999999999,0.03000000000000025,IY1,NG,being,IH,0,0,1.0,1.0,1.0,4.0,25.0
HeyRayLee_UCjY1by3wCccbvgIvFpSPIA_V0ejYx3coDs_0026_6260_6260_EY1.wav,EY1,0.13349024843446103,0.2999999999999998,0.1665097515655388,,ZH,asian,EY,1,1,1.0,1.0,1.0,1.0,26.0
HeyRayLee_UCjY1by3wCccbvgIvFpSPIA_V0ejYx3coDs_0027_6500_6500_AH0.wav,AH0,0.09999999999999964,0.22606413290680097,0.12606413290680132,ZH,N,asian,AH,0,0,1.0,1.0,0.0,1.0,27.0
HeyRayLee_UCjY1by3wCccbvgIvFpSPIA_V0ejYx3coDs_0028_7870_7870_EY1.wav,EY1,0.11918952483333152,0.18801745861111294,0.06882793377778142,HH,G,hey,EY,1,1,1.0,1.0,0.0,1.0,28.0
HeyRayLee_UCjY1by3wCccbvgIvFpSPIA_V0ejYx3coDs_0029_8160_8160_AY1.wav,AY1,0.09118707140937488,0.3395637370068222,0.2483766655974473,G,Z,guys,AY,1,1,1.0,1.0,0.0,1.0,29.0
HeyRayLee_UCjY1by3wCccbvgIvFpSPIA_V0ejYx3coDs_0030_8270_8270_EH1.wav,EH1,0.10532020939352106,0.136739857591598,0.03141964819807695,W,L,welcome,EH,1,0,1.0,1.0,1.0,4.0,30.0
HeyRayLee_UCjY1by3wCccbvgIvFpSPIA_V0ejYx3coDs_0031_8360_8360_AH0.wav,AH0,0.09999999999999964,0.129999999999999,0.02999999999999936,K,M,welcome,AH,0,0,3.0,1.0,0.0,4.0,31.0
HeyRayLee_UCjY1by3wCccbvgIvFpSPIA_V0ejYx3coDs_0032_8500_8500_AE1.wav,AE1,0.08675283270769563,0.16999999999999993,0.0832471672923043,B,K,back,AE,1,0,1.0,1.0,0.0,1.0,32.0
HeyRayLee_UCjY1by3wCccbvgIvFpSPIA_V0ejYx3coDs_0033_8958_8958_AE1.wav,AE1,0.09999999999999964,0.2229220886180203,0.12292208861802065,CH,N,channel,AE,1,0,1.0,1.0,0.0,1.0,33.0
HeyRayLee_UCjY1by3wCccbvgIvFpSPIA_V0ejYx3coDs_0034_9038_9038_AH0.wav,AH0,0.10881128141553045,0.13000000000000078,0.02118871858447033,N,L,channel,AH,0,0,2.0,1.0,0.0,1.0,34.0
HeyRayLee_UCjY1by3wCccbvgIvFpSPIA_V0ejYx3coDs_0035_9678_9678_AY1.wav,AY1,0.44900819220655125,0.6942858254837407,0.2452776332771895,L,,i,AY,1,1,1.0,1.0,0.0,4.0,35.0
HeyRayLee_UCjY1by3wCccbvgIvFpSPIA_V0ejYx3coDs_0036_9928_9928_AE1.wav,AE1,0.12857384979497002,0.327357974494794,0.19878412469982396,,M,am,AE,1,0,1.0,1.0,0.0,1.0,36.0
HeyRayLee_UCjY1by3wCccbvgIvFpSPIA_V0ejYx3coDs_0037_10338_10338_EY1.wav,EY1,0.08719397943053929,0.23999999999999844,0.15280602056945913,R,L,ray,EY,1,1,1.0,1.0,0.0,1.0,37.0
HeyRayLee_UCjY1by3wCccbvgIvFpSPIA_V0ejYx3coDs_0038_10668_10668_IY1.wav,IY1,0.06665135805251866,0.28999999999999915,0.2233486419474805,L,HH,lee,IY,1,0,1.0,1.0,0.0,1.0,38.0
HeyRayLee_UCjY1by3wCccbvgIvFpSPIA_V0ejYx3coDs_0039_10848_10848_IY1.wav,IY1,0.11314772270818677,0.17999999999999972,0.06685227729181295,HH,R,here,IY,1,0,1.0,1.0,0.0,1.0,39.0
HeyRayLee_UCjY1by3wCccbvgIvFpSPIA_V0ejYx3coDs_0040_11118_11118_AA1.wav,AA1,0.16633928339214007,0.2599999999999998,0.09366071660785971,R,N,on,AA,1,0,1.0,1.0,0.0,1.0,40.0
HeyRayLee_UCjY1by3wCccbvgIvFpSPIA_V0ejYx3coDs_0041_11508_11508_UW1.wav,UW1,0.07855640274297937,0.14710836244787437,0.068551959704895,Y,T,youtube,UW,1,0,1.0,1.0,1.0,1.0,41.0
HeyRayLee_UCjY1by3wCccbvgIvFpSPIA_V0ejYx3coDs_0042_11868_11868_UW2.wav,UW2,0.09999999999999964,0.33000000000000007,0.23000000000000043,T,B,youtube,UW,2,0,1.0,1.0,0.0,1.0,42.0
HeyRayLee_UCjY1by3wCccbvgIvFpSPIA_V0ejYx3coDs_0043_12368_12368_IH1.wav,IH1,0.26154221825359003,0.3000000000000007,0.03845778174641068,,F,if,IH,1,0,1.0,1.0,1.0,1.0,43.0
HeyRayLee_UCjY1by3wCccbvgIvFpSPIA_V0ejYx3coDs_0044_12458_12458_UW1.wav,UW1,0.09999999999999964,0.129999999999999,0.02999999999999936,Y,G,you,UW,1,0,4.0,1.0,0.0,1.0,44.0
HeyRayLee_UCjY1by3wCccbvgIvFpSPIA_V0ejYx3coDs_0045_12568_12568_AY1.wav,AY1,0.07722198863160151,0.14999999999999858,0.07277801136839707,G,Z,guys,AY,1,1,1.0,1.0,0.0,1.0,45.0
HeyRayLee_UCjY1by3wCccbvgIvFpSPIA_V0ejYx3coDs_0046_12688_12688_ER0.wav,ER0,0.09999999999999964,0.16999999999999993,0.07000000000000028,Z,N,are,ER,0,0,1.0,1.0,0.0,1.0,46.0
HeyRayLee_UCjY1by3wCccbvgIvFpSPIA_V0ejYx3coDs_0047_12808_12808_UW1.wav,UW1,0.06519154912482944,0.1399999999999988,0.07480845087516935,Y,T,new,UW,1,0,1.0,1.0,0.0,1.0,47.0
HeyRayLee_UCjY1by3wCccbvgIvFpSPIA_V0ejYx3coDs_0048_12878_12878_IH0.wav,IH0,0.0862779983643835,0.129999999999999,0.0437220016356155,T,,to,IH,0,0,4.0,1.0,0.0,3.0,48.0
HeyRayLee_UCjY1by3wCccbvgIvFpSPIA_V0ejYx3coDs_0049_13008_13008_AY1.wav,AY1,0.0901059176932606,0.16238352738211728,0.07227760968885669,M,CH,my,AY,1,1,1.0,1.0,0.0,1.0,49.0
HeyRayLee_UCjY1by3wCccbvgIvFpSPIA_V0ejYx3coDs_0050_13178_13178_AE1.wav,AE1,0.08497483000864038,0.16964367557008136,0.08466884556144098,CH,N,channel,AE,1,0,1.0,1.0,0.0,1.0,50.0
HeyRayLee_UCjY1by3wCccbvgIvFpSPIA_V0ejYx3coDs_0051_13368_13368_AH0.wav,AH0,0.09999999999999964,0.16477232138986903,0.06477232138986938,N,L,channel,AH,0,0,1.0,1.0,0.0,1.0,51.0
HeyRayLee_UCjY1by3wCccbvgIvFpSPIA_V0ejYx3coDs_0052_13708_13708_AH0.wav,AH0,0.12039001205038585,0.1899999999999995,0.06960998794961365,HH,L,hello,AH,0,0,1.0,1.0,0.0,1.0,52.0
HeyRayLee_UCjY1by3wCccbvgIvFpSPIA_V0ejYx3coDs_0053_14398_14398_OW1.wav,OW1,0.06642893161911513,0.5166668328290651,0.45023790120995,L,,hello,OW,1,1,1.0,1.0,0.0,1.0,53.0
HeyRayLee_UCjY1by3wCccbvgIvFpSPIA_V0ejYx3coDs_0054_14828_14828_AH1.wav,AH1,0.11429869353006906,0.2542727432978745,0.13997404976780548,B,T,but,AH,1,0,1.0,1.0,0.0,1.0,54.0
HeyRayLee_UCjY1by3wCccbvgIvFpSPIA_V0ejYx3coDs_0055_15252_15252_AH0.wav,AH0,0.09999999999999964,0.13000000000000078,0.030000000000001137,T,D,today,AH,0,0,3.0,1.0,0.0,3.0,55.0
HeyRayLee_UCjY1by3wCccbvgIvFpSPIA_V0ejYx3coDs_0056_15542_15542_EY1.wav,EY1,0.09321345077402761,0.298234589521076,0.20502113874704841,D,AY1,today,EY,1,1,1.0,1.0,0.0,1.0,56.0
HeyRayLee_UCjY1by3wCccbvgIvFpSPIA_V0ejYx3coDs_0057_15702_15702_AY1.wav,AY1,0.11666395027265063,0.2599999999999998,0.14333604972734915,EY1,M,i'm,AY,1,1,1.0,1.0,0.0,1.0,57.0
HeyRayLee_UCjY1by3wCccbvgIvFpSPIA_V0ejYx3coDs_0058_16202_16202_OW1.wav,OW1,0.08918302282638005,0.2300000000000022,0.14081697717362215,S,IH0,so,OW,1,1,1.0,1.0,0.0,1.0,58.0
HeyRayLee_UCjY1by3wCccbvgIvFpSPIA_V0ejYx3coDs_0059_16271_16271_IH0.wav,IH0,0.10000000000000142,0.16999999999999815,0.06999999999999673,OW1,K,excited,IH,0,0,1.0,1.0,0.0,1.0,59.0
HeyRayLee_UCjY1by3wCccbvgIvFpSPIA_V0ejYx3coDs_0060_16502_16502_AY1.wav,AY1,0.08917734440697445,0.19000000000000128,0.10082265559302683,S,T,excited,AY,1,1,1.0,1.0,0.0,1.0,60.0
HeyRayLee_UCjY1by3wCccbvgIvFpSPIA_V0ejYx3coDs_0061_16702_16702_IH0.wav,IH0,0.09217328137507465,0.25000000000000355,0.15782671862492892,T,D,excited,IH,0,0,1.0,1.0,0.0,1.0,61.0
HeyRayLee_UCjY1by3wCccbvgIvFpSPIA_V0ejYx3coDs_0062_16862_16862_UW1.wav,UW1,0.10000000000000142,0.152951304302596,0.052951304302594565,T,R,to,UW,1,0,1.0,1.0,1.0,4.0,62.0
HeyRayLee_UCjY1by3wCccbvgIvFpSPIA_V0ejYx3coDs_0063_16922_16922_IH0.wav,IH0,0.10000000000000142,0.13000000000000256,0.030000000000001137,R,K,record,IH,0,0,3.0,1.0,0.0,4.0,63.0
HeyRayLee_UCjY1by3wCccbvgIvFpSPIA_V0ejYx3coDs_0064_17012_17012_AO1.wav,AO1,0.11071550251844592,0.157051549356015,0.04633604683756909,K,R,record,AO,1,0,1.0,1.0,0.0,1.0,64.0
HeyRayLee_UCjY1by3wCccbvgIvFpSPIA_V0ejYx3coDs_0065_17202_17202_IH1.wav,IH1,0.10000000000000142,0.12862215970663127,0.028622159706629846,DH,S,this,IH,1,0,1.0,1.0,0.0,1.0,65.0
HeyRayLee_UCjY1by3wCccbvgIvFpSPIA_V0ejYx3coDs_0066_17342_17342_IH1.wav,IH1,0.09579910387895303,0.13451826630486635,0.03871916242591332,V,D,video,IH,1,0,1.0,1.0,0.0,1.0,66.0
HeyRayLee_UCjY1by3wCccbvgIvFpSPIA_V0ejYx3coDs_0067_17472_17472_IY0.wav,IY0,0.10000000000000142,0.16386769716252647,0.06386769716252505,D,OW0,video,IY,0,0,1.0,1.0,0.0,1.0,67.0
HeyRayLee_UCjY1by3wCccbvgIvFpSPIA_V0ejYx3coDs_0068_17572_17572_OW0.wav,OW0,0.07031248645415235,0.1999999999999993,0.12968751354584696,IY0,B,video,OW,0,1,1.0,1.0,0.0,1.0,68.0
HeyRayLee_UCjY1by3wCccbvgIvFpSPIA_V0ejYx3coDs_0069_17712_17712_IH0.wav,IH0,0.11558806318216995,0.15440381653359367,0.03881575335142372,B,K,because,IH,0,0,1.0,1.0,0.0,1.0,69.0
HeyRayLee_UCjY1by3wCccbvgIvFpSPIA_V0ejYx3coDs_0070_18132_18132_AH1.wav,AH1,0.10875849956797899,0.40490627718200584,0.29614777761402683,K,Z,because,AH,1,0,1.0,1.0,0.0,1.0,70.0
HeyRayLee_UCjY1by3wCccbvgIvFpSPIA_V0ejYx3coDs_0071_18482_18482_AY1.wav,AY1,0.13624998916332245,0.3000000000000007,0.16375001083667826,,M,i'm,AY,1,1,1.0,1.0,0.0,1.0,71.0
HeyRayLee_UCjY1by3wCccbvgIvFpSPIA_V0ejYx3coDs_0072_18602_18602_OW1.wav,OW1,0.10405072865824762,0.13959618924597186,0.035545460587724245,G,IH0,going,OW,1,1,1.0,1.0,0.0,1.0,72.0
HeyRayLee_UCjY1by3wCccbvgIvFpSPIA_V0ejYx3coDs_0073_18632_18632_IH0.wav,IH0,0.11008076215080799,0.15387784751782535,0.04379708536701736,OW1,N,going,IH,0,0,1.0,1.0,0.0,1.0,73.0
HeyRayLee_UCjY1by3wCccbvgIvFpSPIA_V0ejYx3coDs_0074_18722_18722_IH0.wav,IH0,0.10000000000000142,0.13000000000000256,0.030000000000001137,T,B,to,IH,0,0,3.0,1.0,0.0,3.0,74.0
HeyRayLee_UCjY1by3wCccbvgIvFpSPIA_V0ejYx3coDs_0075_18812_18812_IY0.wav,IY0,0.08688108118261516,0.15000000000000213,0.06311891881738697,B,T,be,IY,0,0,1.0,1.0,0.0,1.0,75.0
HeyRayLee_UCjY1by3wCccbvgIvFpSPIA_V0ejYx3coDs_0076_18972_18972_AO1.wav,AO1,0.1079890376162788,0.1700000000000017,0.062010962383722903,T,K,talking,AO,1,0,1.0,1.0,0.0,1.0,76.0
HeyRayLee_UCjY1by3wCccbvgIvFpSPIA_V0ejYx3coDs_0077_19072_19072_IH0.wav,IH0,0.10923701115744483,0.1469902643282572,0.03775325317081238,K,NG,talking,IH,0,0,1.0,1.0,0.0,1.0,77.0
HeyRayLee_UCjY1by3wCccbvgIvFpSPIA_V0ejYx3coDs_0078_19242_19242_UW1.wav,UW1,0.10000000000000142,0.13000000000000256,0.030000000000001137,T,Y,to,UW,1,0,3.0,1.0,0.0,3.0,78.0
HeyRayLee_UCjY1by3wCccbvgIvFpSPIA_V0ejYx3coDs_0079_19302_19302_UW1.wav,UW1,0.09135592130548896,0.13000000000000256,0.0386440786945136,Y,G,you,UW,1,0,1.0,1.0,0.0,3.0,79.0
HeyRayLee_UCjY1by3wCccbvgIvFpSPIA_V0ejYx3coDs_0080_19502_19502_AY1.wav,AY1,0.08288472375139862,0.26000000000000156,0.17711527624860296,G,Z,guys,AY,1,1,1.0,1.0,0.0,1.0,80.0
HeyRayLee_UCjY1by3wCccbvgIvFpSPIA_V0ejYx3coDs_0081_19912_19912_AH0.wav,AH0,0.1502069805546649,0.18456575262897856,0.034358772074313676,,B,about,AH,0,0,1.0,4.0,0.0,1.0,81.0
HeyRayLee_UCjY1by3wCccbvgIvFpSPIA_V0ejYx3coDs_0082_20112_20112_AW1.wav,AW1,0.10000000000000142,0.259999999999998,0.1599999999999966,B,T,about,AW,1,1,1.0,1.0,0.0,1.0,82.0
HeyRayLee_UCjY1by3wCccbvgIvFpSPIA_V0ejYx3coDs_0083_20332_20332_AY1.wav,AY1,0.09276094721237357,0.21000000000000085,0.11723905278762728,M,IH0,my,AY,1,1,1.0,1.0,0.0,1.0,83.0
HeyRayLee_UCjY1by3wCccbvgIvFpSPIA_V0ejYx3coDs_0084_20372_20372_IH0.wav,IH0,0.0936720734466713,0.14000000000000057,0.04632792655332926,AY1,K,experience,IH,0,0,1.0,1.0,0.0,3.0,84.0
HeyRayLee_UCjY1by3wCccbvgIvFpSPIA_V0ejYx3coDs_0085_20632_20632_IH1.wav,IH1,0.10907669333934564,0.1467471542882924,0.03767046094894677,P,R,experience,IH,1,0,1.0,1.0,0.0,1.0,85.0
HeyRayLee_UCjY1by3wCccbvgIvFpSPIA_V0ejYx3coDs_0086_20722_20722_IY0.wav,IY0,0.0925089221984315,0.14740016529546854,0.05489124309703704,R,AH0,experience,IY,0,0,1.0,1.0,1.0,1.0,86.0
HeyRayLee_UCjY1by3wCccbvgIvFpSPIA_V0ejYx3coDs_0087_20762_20762_AH0.wav,AH0,0.10000000000000142,0.1549383176273756,0.05493831762737417,IY0,N,experience,AH,0,0,1.0,1.0,0.0,1.0,87.0
HeyRayLee_UCjY1by3wCccbvgIvFpSPIA_V0ejYx3coDs_0088_20992_20992_OW1.wav,OW1,0.10000000000000142,0.13324878556959255,0.03324878556959113,R,IH0,growing,OW,1,1,1.0,1.0,0.0,1.0,88.0
HeyRayLee_UCjY1by3wCccbvgIvFpSPIA_V0ejYx3coDs_0089_21072_21072_IH0.wav,IH0,0.10000000000000142,0.1881022809040398,0.08810228090403838,OW1,NG,growing,IH,0,0,1.0,1.0,0.0,1.0,89.0
HeyRayLee_UCjY1by3wCccbvgIvFpSPIA_V0ejYx3coDs_0090_21282_21282_AH1.wav,AH1,0.06732587625380404,0.22351340280366663,0.1561875265498626,NG,P,up,AH,1,0,1.0,1.0,0.0,1.0,90.0
HeyRayLee_UCjY1by3wCccbvgIvFpSPIA_V0ejYx3coDs_0091_21432_21432_AE1.wav,AE1,0.10000000000000142,0.16000000000000014,0.05999999999999872,P,Z,as,AE,1,0,1.0,1.0,0.0,1.0,91.0
HeyRayLee_UCjY1by3wCccbvgIvFpSPIA_V0ejYx3coDs_0092_21512_21512_AE1.wav,AE1,0.12068790511115712,0.15000000000000213,0.02931209488884501,Z,N,an,AE,1,0,1.0,1.0,1.0,1.0,92.0
HeyRayLee_UCjY1by3wCccbvgIvFpSPIA_V0ejYx3coDs_0093_21672_21672_EY1.wav,EY1,0.10000000000000142,0.1700000000000017,0.07000000000000028,N,ZH,asian,EY,1,1,1.0,1.0,0.0,1.0,93.0
HeyRayLee_UCjY1by3wCccbvgIvFpSPIA_V0ejYx3coDs_0094_21752_21752_AH0.wav,AH0,0.10658969012879772,0.1348356364886853,0.028245946359887572,ZH,N,asian,AH,0,0,3.0,1.0,0.0,4.0,94.0
HeyRayLee_UCjY1by3wCccbvgIvFpSPIA_V0ejYx3coDs_0095_21812_21812_AH0.wav,AH0,0.10000000000000142,0.13000000000000256,0.030000000000001137,N,M,american,AH,0,0,4.0,1.0,0.0,1.0,95.0
HeyRayLee_UCjY1by3wCccbvgIvFpSPIA_V0ejYx3coDs_0096_21932_21932_EH1.wav,EH1,0.09122361268845089,0.13928449748155758,0.04806088479310669,M,R,american,EH,1,0,1.0,1.0,0.0,1.0,96.0
HeyRayLee_UCjY1by3wCccbvgIvFpSPIA_V0ejYx3coDs_0097_22022_22022_IH0.wav,IH0,0.10000000000000142,0.14999999999999858,0.04999999999999716,R,K,american,IH,0,0,1.0,1.0,1.0,3.0,97.0
HeyRayLee_UCjY1by3wCccbvgIvFpSPIA_V0ejYx3coDs_0098_22302_22302_AH0.wav,AH0,0.1645056740847348,0.3279375200478561,0.1634318459631213,K,N,american,AH,0,0,1.0,1.0,0.0,1.0,98.0
HeyRayLee_UCjY1by3wCccbvgIvFpSPIA_V0ejYx3coDs_0099_22772_22772_IH1.wav,IH1,0.27806006120555943,0.5,0.22193993879444057,N,N,in,IH,1,0,1.0,1.0,0.0,1.0,99.0
HeyRayLee_UCjY1by3wCccbvgIvFpSPIA_V0ejYx3coDs_0100_24196_24196_AY1.wav,AY1,0.2393973289755463,0.279758537135132,0.04036120815958569,,S,i,AY,1,1,1.0,1.0,0.0,1.0,100.0
HeyRayLee_UCjY1by3wCccbvgIvFpSPIA_V0ejYx3coDs_0101_24336_24336_AH1.wav,AH1,0.09797726898369521,0.14000000000000412,0.042022731016308906,T,M,stumbled,AH,1,0,1.0,1.0,0.0,1.0,101.0
HeyRayLee_UCjY1by3wCccbvgIvFpSPIA_V0ejYx3coDs_0102_24426_24426_AH0.wav,AH0,0.10817654104789419,0.1249971607902994,0.016820619742405216,B,L,stumbled,AH,0,0,4.0,1.0,0.0,1.0,102.0
HeyRayLee_UCjY1by3wCccbvgIvFpSPIA_V0ejYx3coDs_0103_24546_24546_AH0.wav,AH0,0.09824918291446018,0.1355608775686548,0.03731169465419461,D,K,across,AH,0,0,1.0,1.0,1.0,1.0,103.0
HeyRayLee_UCjY1by3wCccbvgIvFpSPIA_V0ejYx3coDs_0104_24786_24786_AO1.wav,AO1,0.0923705233682145,0.1984687556892593,0.10609823232104482,R,S,across,AO,1,0,1.0,1.0,1.0,1.0,104.0
HeyRayLee_UCjY1by3wCccbvgIvFpSPIA_V0ejYx3coDs_0105_24956_24956_IH0.wav,IH0,0.10000000000000142,0.1366371764529104,0.03663717645290898,DH,S,this,IH,0,0,1.0,1.0,0.0,1.0,105.0
HeyRayLee_UCjY1by3wCccbvgIvFpSPIA_V0ejYx3coDs_0106_25106_25106_IH1.wav,IH1,0.09516030336919686,0.1558745994041294,0.060714296034932544,V,D,video,IH,1,0,1.0,1.0,0.0,1.0,106.0
HeyRayLee_UCjY1by3wCccbvgIvFpSPIA_V0ejYx3coDs_0107_25256_25256_IY0.wav,IY0,0.10000000000000142,0.1847293070016514,0.08472930700164999,D,OW0,video,IY,0,0,1.0,1.0,0.0,1.0,107.0
HeyRayLee_UCjY1by3wCccbvgIvFpSPIA_V0ejYx3coDs_0108_25336_25336_OW0.wav,OW0,0.07837498952454566,0.18000000000000327,0.1016250104754576,IY0,DH,video,OW,0,1,1.0,1.0,0.0,1.0,108.0
HeyRayLee_UCjY1by3wCccbvgIvFpSPIA_V0ejYx3coDs_0109_25446_25446_AE1.wav,AE1,0.09136565986701357,0.1531148586752688,0.06174919880825523,DH,T,that,AE,1,0,1.0,1.0,1.0,1.0,109.0
HeyRayLee_UCjY1by3wCccbvgIvFpSPIA_V0ejYx3coDs_0110_25646_25646_EY1.wav,EY1,0.10000000000000142,0.19077516926891702,0.0907751692689156,T,M,amy,EY,1,1,1.0,1.0,0.0,1.0,110.0
HeyRayLee_UCjY1by3wCccbvgIvFpSPIA_V0ejYx3coDs_0111_25786_25786_IY0.wav,IY0,0.10000000000000142,0.16762500469589672,0.0676250046958953,M,HH,amy,IY,0,0,1.0,1.0,0.0,1.0,111.0
HeyRayLee_UCjY1by3wCccbvgIvFpSPIA_V0ejYx3coDs_0112_26046_26046_AE1.wav,AE1,0.10000000000000142,0.23000000000000043,0.129999999999999,HH,D,had,AE,1,0,1.0,1.0,0.0,1.0,112.0
HeyRayLee_UCjY1by3wCccbvgIvFpSPIA_V0ejYx3coDs_0113_26356_26356_OW1.wav,OW1,0.10963879184041628,0.19036120815958793,0.08072241631917165,P,S,posted,OW,1,1,1.0,1.0,1.0,1.0,113.0
HeyRayLee_UCjY1by3wCccbvgIvFpSPIA_V0ejYx3coDs_0114_26646_26646_IH0.wav,IH0,0.10000000000000142,0.240000000000002,0.14000000000000057,T,D,posted,IH,0,0,1.0,1.0,0.0,1.0,114.0
HeyRayLee_UCjY1by3wCccbvgIvFpSPIA_V0ejYx3coDs_0115_26856_26856_AH0.wav,AH0,0.19904018095808038,0.24856372833748322,0.049523547379402844,D,B,about,AH,0,0,1.0,1.0,1.0,1.0,115.0
HeyRayLee_UCjY1by3wCccbvgIvFpSPIA_V0ejYx3coDs_0116_27136_27136_AW1.wav,AW1,0.09140623239039795,0.28999999999999915,0.19859376760960118,B,T,about,AW,1,1,1.0,1.0,0.0,1.0,116.0
HeyRayLee_UCjY1by3wCccbvgIvFpSPIA_V0ejYx3coDs_0117_27356_27356_OW1.wav,OW1,0.09072118093785103,0.13000000000000256,0.039278819062151527,R,IH0,growing,OW,1,1,1.0,1.0,1.0,1.0,117.0
HeyRayLee_UCjY1by3wCccbvgIvFpSPIA_V0ejYx3coDs_0118_27426_27426_IH0.wav,IH0,0.10240056264033616,0.19069846726022985,0.08829790461989369,OW1,NG,growing,IH,0,0,1.0,1.0,0.0,1.0,118.0
HeyRayLee_UCjY1by3wCccbvgIvFpSPIA_V0ejYx3coDs_0119_27616_27616_AH1.wav,AH1,0.07764933665080184,0.21497403531890194,0.1373246986681001,NG,P,up,AH,1,0,1.0,1.0,0.0,1.0,119.0
HeyRayLee_UCjY1by3wCccbvgIvFpSPIA_V0ejYx3coDs_0120_28066_28066_AE1.wav,AE1,0.10895938990946308,0.41999999999999815,0.3110406100905351,P,Z,as,AE,1,0,1.0,2.0,0.0,1.0,120.0
HeyRayLee_UCjY1by3wCccbvgIvFpSPIA_V0ejYx3coDs_0121_28276_28276_EY1.wav,EY1,0.15202231922253417,0.2385401910723123,0.08651787184977813,,K,a,EY,1,1,1.0,1.0,1.0,1.0,121.0
HeyRayLee_UCjY1by3wCccbvgIvFpSPIA_V0ejYx3coDs_0122_28496_28496_IY1.wav,IY1,0.10119439700387692,0.13000000000000256,0.02880560299612564,R,AH0,korean,IY,1,0,1.0,1.0,0.0,5.0,122.0
HeyRayLee_UCjY1by3wCccbvgIvFpSPIA_V0ejYx3coDs_0123_28526_28526_AH0.wav,AH0,0.09230803185694444,0.12404505023884062,0.03173701838189617,IY1,N,korean,AH,0,0,1.0,1.0,0.0,1.0,123.0
HeyRayLee_UCjY1by3wCccbvgIvFpSPIA_V0ejYx3coDs_0124_28596_28596_AH0.wav,AH0,0.10000000000000142,0.12182142888104895,0.02182142888104753,N,M,american,AH,0,0,1.0,1.0,0.0,1.0,124.0
HeyRayLee_UCjY1by3wCccbvgIvFpSPIA_V0ejYx3coDs_0125_28736_28736_EH1.wav,EH1,0.08146589914086952,0.15101136550815605,0.06954546636728653,M,R,american,EH,1,0,1.0,1.0,0.0,1.0,125.0
HeyRayLee_UCjY1by3wCccbvgIvFpSPIA_V0ejYx3coDs_0126_28816_28816_IH0.wav,IH0,0.10000000000000142,0.12551745138666132,0.025517451386659895,R,K,american,IH,0,0,1.0,1.0,0.0,1.0,126.0
HeyRayLee_UCjY1by3wCccbvgIvFpSPIA_V0ejYx3coDs_0127_29026_29026_AH0.wav,AH0,0.12887783306891887,0.25,0.12112216693108113,K,N,american,AH,0,0,1.0,1.0,0.0,1.0,127.0
HeyRayLee_UCjY1by3wCccbvgIvFpSPIA_V0ejYx3coDs_0128_29526_29526_IY1.wav,IY1,0.1094435799183356,0.21000000000000085,0.10055642008166525,SH,IH1,she,IY,1,0,1.0,4.0,0.0,1.0,128.0
HeyRayLee_UCjY1by3wCccbvgIvFpSPIA_V0ejYx3coDs_0129_29696_29696_IH1.wav,IH1,0.1791286515993514,0.2700000000000031,0.09087134840065172,IY1,Z,is,IH,1,0,1.0,1.0,0.0,1.0,129.0
HeyRayLee_UCjY1by3wCccbvgIvFpSPIA_V0ejYx3coDs_0130_30982_30982_AO1.wav,AO1,0.20135956965383453,0.40000000000000213,0.1986404303461676,,N,on,AO,1,0,1.0,1.0,0.0,1.0,130.0
HeyRayLee_UCjY1by3wCccbvgIvFpSPIA_V0ejYx3coDs_0131_31242_31242_UW1.wav,UW1,0.07929179417824858,0.13931615503096598,0.060024360852717396,Y,T,youtube,UW,1,0,1.0,1.0,0.0,1.0,131.0
HeyRayLee_UCjY1by3wCccbvgIvFpSPIA_V0ejYx3coDs_0132_31462_31462_UW2.wav,UW2,0.10000000000000142,0.22000000000000242,0.120000000000001,T,B,youtube,UW,2,0,1.0,1.0,0.0,1.0,132.0
HeyRayLee_UCjY1by3wCccbvgIvFpSPIA_V0ejYx3coDs_0133_31682_31682_AY1.wav,AY1,0.1587065702057817,0.2699999999999996,0.11129342979421789,B,W,i,AY,1,1,1.0,1.0,1.0,1.0,133.0
HeyRayLee_UCjY1by3wCccbvgIvFpSPIA_V0ejYx3coDs_0134_31802_31802_AH0.wav,AH0,0.10000000000000142,0.15000000000000213,0.05000000000000071,W,L,will,AH,0,0,1.0,1.0,0.0,4.0,134.0
HeyRayLee_UCjY1by3wCccbvgIvFpSPIA_V0ejYx3coDs_0135_31952_31952_IH1.wav,IH1,0.09389488277603926,0.14689570347380584,0.053000820697766585,L,NG,link,IH,1,0,1.0,1.0,0.0,1.0,135.0
HeyRayLee_UCjY1by3wCccbvgIvFpSPIA_V0ejYx3coDs_0136_32162_32162_ER0.wav,ER0,0.09167329148930793,0.13000000000000256,0.038326708510694626,HH,V,her,ER,0,0,1.0,1.0,0.0,1.0,136.0
HeyRayLee_UCjY1by3wCccbvgIvFpSPIA_V0ejYx3coDs_0137_32252_32252_IH1.wav,IH1,0.11135024288608385,0.1411830401650667,0.029832797278982845,V,D,video,IH,1,0,1.0,1.0,1.0,1.0,137.0
HeyRayLee_UCjY1by3wCccbvgIvFpSPIA_V0ejYx3coDs_0138_32342_32342_IY0.wav,IY0,0.10000000000000142,0.12517248379555376,0.02517248379555234,D,OW0,video,IY,0,0,1.0,1.0,1.0,4.0,138.0
HeyRayLee_UCjY1by3wCccbvgIvFpSPIA_V0ejYx3coDs_0139_32381_32381_OW0.wav,OW0,0.07578895352365493,0.1519577976402062,0.07616884411655127,IY0,D,video,OW,0,1,1.0,1.0,0.0,4.0,139.0
HeyRayLee_UCjY1by3wCccbvgIvFpSPIA_V0ejYx3coDs_0140_32512_32512_AW1.wav,AW1,0.07515218308495666,0.14999999999999858,0.07484781691504191,D,N,down,AW,1,1,1.0,4.0,0.0,1.0,140.0
HeyRayLee_UCjY1by3wCccbvgIvFpSPIA_V0ejYx3coDs_0141_32642_32642_IH0.wav,IH0,0.09516436351131656,0.11008076215080799,0.01491639863949143,B,L,below,IH,0,0,4.0,1.0,0.0,3.0,141.0
HeyRayLee_UCjY1by3wCccbvgIvFpSPIA_V0ejYx3coDs_0142_33022_33022_OW1.wav,OW1,0.07730719382049228,0.34754100599051435,0.27023381217002207,L,,below,OW,1,1,1.0,1.0,0.0,1.0,142.0
HeyRayLee_UCjY1by3wCccbvgIvFpSPIA_V0ejYx3coDs_0143_33262_33262_AY1.wav,AY1,0.15722807884478224,0.2605251743260326,0.10329709548125038,,TH,i,AY,1,1,1.0,1.0,0.0,1.0,143.0
HeyRayLee_UCjY1by3wCccbvgIvFpSPIA_V0ejYx3coDs_0144_33362_33362_IH1.wav,IH1,0.10294480229564276,0.1539448109649858,0.05100000866934304,TH,NG,think,IH,1,0,1.0,1.0,0.0,1.0,144.0
HeyRayLee_UCjY1by3wCccbvgIvFpSPIA_V0ejYx3coDs_0145_33612_33612_IH1.wav,IH1,0.09569439266920499,0.1526968374238199,0.05700244475461491,DH,S,this,IH,1,0,1.0,1.0,0.0,1.0,145.0
HeyRayLee_UCjY1by3wCccbvgIvFpSPIA_V0ejYx3coDs_0146_33812_33812_AA1.wav,AA1,0.10000000000000142,0.1599999999999966,0.05999999999999517,T,P,topic,AA,1,0,1.0,1.0,0.0,1.0,146.0
HeyRayLee_UCjY1by3wCccbvgIvFpSPIA_V0ejYx3coDs_0147_33992_33992_IH0.wav,IH0,0.09197848124676679,0.16840950073255895,0.07643101948579216,P,K,topic,IH,0,0,1.0,1.0,0.0,1.0,147.0
HeyRayLee_UCjY1by3wCccbvgIvFpSPIA_V0ejYx3coDs_0148_34132_34132_IH1.wav,IH1,0.15103490277332482,0.18953328594092975,0.03849838316760493,K,Z,is,IH,1,0,1.0,1.0,0.0,4.0,148.0
HeyRayLee_UCjY1by3wCccbvgIvFpSPIA_V0ejYx3coDs_0149_34432_34432_EH1.wav,EH1,0.08780518253301056,0.18583117322213885,0.09802599068912829,V,R,very,EH,1,0,1.0,1.0,0.0,1.0,149.0
HeyRayLee_UCjY1by3wCccbvgIvFpSPIA_V0ejYx3coDs_0150_34772_34772_IY0.wav,IY0,0.1154293636413553,0.2741144555508361,0.15868509190948077,R,,very,IY,0,0,1.0,1.0,0.0,1.0,150.0
HeyRayLee_UCjY1by3wCccbvgIvFpSPIA_V0ejYx3coDs_0151_35102_35102_AA1.wav,AA1,0.12308237753831175,0.25,0.12691762246168825,K,M,common,AA,1,0,1.0,1.0,0.0,1.0,151.0
HeyRayLee_UCjY1by3wCccbvgIvFpSPIA_V0ejYx3coDs_0152_35322_35322_AH0.wav,AH0,0.10000000000000142,0.2700000000000031,0.1700000000000017,M,N,common,AH,0,0,1.0,1.0,0.0,1.0,152.0
HeyRayLee_UCjY1by3wCccbvgIvFpSPIA_V0ejYx3coDs_0153_35812_35812_AE1.wav,AE1,0.16883523047447152,0.19999999999999574,0.031164769525524216,,Z,as,AE,1,0,1.0,1.0,1.0,1.0,153.0
HeyRayLee_UCjY1by3wCccbvgIvFpSPIA_V0ejYx3coDs_0154_35992_35992_AA1.wav,AA1,0.08539285126008965,0.14000000000000057,0.05460714873991092,F,R,far,AA,1,0,1.0,1.0,0.0,1.0,154.0
HeyRayLee_UCjY1by3wCccbvgIvFpSPIA_V0ejYx3coDs_0155_36152_36152_EH1.wav,EH1,0.07185023277184974,0.1700000000000017,0.09814976722815197,R,Z,as,EH,1,0,1.0,1.0,0.0,1.0,155.0
HeyRayLee_UCjY1by3wCccbvgIvFpSPIA_V0ejYx3coDs_0156_36272_36272_AY1.wav,AY1,0.10000000000000142,0.14999999999999858,0.04999999999999716,L,K,like,AY,1,1,1.0,1.0,0.0,1.0,156.0
HeyRayLee_UCjY1by3wCccbvgIvFpSPIA_V0ejYx3coDs_0157_36422_36422_AH0.wav,AH0,0.10000000000000142,0.12413961109329182,0.024139611093290395,DH,S,the,AH,0,0,1.0,1.0,0.0,3.0,157.0
HeyRayLee_UCjY1by3wCccbvgIvFpSPIA_V0ejYx3coDs_0158_36682_36682_AH1.wav,AH1,0.09274553023144516,0.15000000000000568,0.05725446976856052,R,G,struggles,AH,1,0,1.0,1.0,0.0,4.0,158.0
HeyRayLee_UCjY1by3wCccbvgIvFpSPIA_V0ejYx3coDs_0159_36772_36772_AH0.wav,AH0,0.12447077998075508,0.1705032553381491,0.046032475357394034,G,L,struggles,AH,0,0,4.0,1.0,0.0,1.0,159.0
HeyRayLee_UCjY1by3wCccbvgIvFpSPIA_V0ejYx3coDs_0160_37222_37222_UW1.wav,UW1,0.09135592130548896,0.12341030987120458,0.032054388565715616,Y,N,you,UW,1,0,1.0,1.0,1.0,1.0,160.0
HeyRayLee_UCjY1by3wCccbvgIvFpSPIA_V0ejYx3coDs_0161_37332_37332_OW1.wav,OW1,0.07385307487133395,0.1491939967692279,0.07534092189789394,N,G,know,OW,1,1,1.0,1.0,0.0,1.0,161.0
HeyRayLee_UCjY1by3wCccbvgIvFpSPIA_V0ejYx3coDs_0162_37522_37522_OW1.wav,OW1,0.08241233127292026,0.14000000000000057,0.05758766872708031,R,IH0,growing,OW,1,1,1.0,1.0,0.0,1.0,162.0
HeyRayLee_UCjY1by3wCccbvgIvFpSPIA_V0ejYx3coDs_0163_37602_37602_IH0.wav,IH0,0.10000000000000142,0.19080682681832312,0.0908068268183217,OW1,NG,growing,IH,0,0,1.0,1.0,0.0,1.0,163.0
HeyRayLee_UCjY1by3wCccbvgIvFpSPIA_V0ejYx3coDs_0164_37802_37802_AH1.wav,AH1,0.07308399581559784,0.1907179443832788,0.11763394856768096,NG,P,up,AH,1,0,1.0,1.0,0.0,1.0,164.0
HeyRayLee_UCjY1by3wCccbvgIvFpSPIA_V0ejYx3coDs_0165_37922_37922_AH0.wav,AH0,0.10000000000000142,0.13183319751363407,0.031833197513632644,P,S,especially,AH,0,0,1.0,1.0,0.0,4.0,165.0
HeyRayLee_UCjY1by3wCccbvgIvFpSPIA_V0ejYx3coDs_0166_38082_38082_EH1.wav,EH1,0.08998578950258455,0.12517248379555732,0.03518669429297276,P,SH,especially,EH,1,0,1.0,1.0,1.0,1.0,166.0
HeyRayLee_UCjY1by3wCccbvgIvFpSPIA_V0ejYx3coDs_0167_38322_38322_IY0.wav,IY0,0.06514812294283909,0.12724228934220277,0.06209416639936369,L,IH0,especially,IY,0,0,1.0,1.0,0.0,1.0,167.0
HeyRayLee_UCjY1by3wCccbvgIvFpSPIA_V0ejYx3coDs_0168_38382_38382_IH0.wav,IH0,0.0752881400503394,0.12982061685262306,0.05453247680228365,IY0,F,if,IH,0,0,1.0,1.0,1.0,1.0,168.0
HeyRayLee_UCjY1by3wCccbvgIvFpSPIA_V0ejYx3coDs_0169_38622_38622_UW1.wav,UW1,0.057349825312747654,0.13340827980014536,0.0760584544873977,Y,HH,you,UW,1,0,1.0,1.0,0.0,1.0,169.0
HeyRayLee_UCjY1by3wCccbvgIvFpSPIA_V0ejYx3coDs_0170_38892_38892_AE1.wav,AE1,0.0910044517074285,0.23000000000000398,0.1389955482925755,HH,V,have,AE,1,0,1.0,2.0,0.0,1.0,170.0
HeyRayLee_UCjY1by3wCccbvgIvFpSPIA_V0ejYx3coDs_0171_39318_39318_EH1.wav,EH1,0.10999390978682085,0.14345576612425479,0.03346185633743394,P,R,parents,EH,1,0,1.0,1.0,0.0,1.0,171.0
HeyRayLee_UCjY1by3wCccbvgIvFpSPIA_V0ejYx3coDs_0172_39378_39378_AH0.wav,AH0,0.09326014240840276,0.13000000000000256,0.0367398575915998,R,N,parents,AH,0,0,1.0,1.0,0.0,1.0,172.0
HeyRayLee_UCjY1by3wCccbvgIvFpSPIA_V0ejYx3coDs_0173_39568_39568_UW1.wav,UW1,0.10000000000000142,0.14022483940042718,0.04022483940042576,HH,D,who,UW,1,0,1.0,1.0,0.0,4.0,173.0
HeyRayLee_UCjY1by3wCccbvgIvFpSPIA_V0ejYx3coDs_0174_39718_39718_OW1.wav,OW1,0.10000000000000142,0.1764127488462588,0.07641274884625737,D,N,don't,OW,1,1,1.0,1.0,1.0,1.0,174.0
HeyRayLee_UCjY1by3wCccbvgIvFpSPIA_V0ejYx3coDs_0175_40058_40058_IY1.wav,IY1,0.09597807523255647,0.16386769716252647,0.06788962192997,P,K,speak,IY,1,0,1.0,1.0,1.0,1.0,175.0
HeyRayLee_UCjY1by3wCccbvgIvFpSPIA_V0ejYx3coDs_0176_40198_40198_IH1.wav,IH1,0.10956818004490809,0.16917857978829604,0.05961039974338794,K,NG,english,IH,1,0,1.0,1.0,0.0,1.0,176.0
HeyRayLee_UCjY1by3wCccbvgIvFpSPIA_V0ejYx3coDs_0177_40548_40548_IH0.wav,IH0,0.09373659502900047,0.20256697067161727,0.1088303756426168,L,SH,english,IH,0,0,1.0,1.0,0.0,1.0,177.0
HeyRayLee_UCjY1by3wCccbvgIvFpSPIA_V0ejYx3coDs_0178_40908_40908_UW1.wav,UW1,0.10000000000000142,0.17952151730834456,0.07952151730834314,HH,W,who,UW,1,0,1.0,1.0,1.0,1.0,178.0
HeyRayLee_UCjY1by3wCccbvgIvFpSPIA_V0ejYx3coDs_0179_41148_41148_ER0.wav,ER0,0.08975850823732255,0.18345170598213983,0.09369319774481728,W,IH1,were,ER,0,0,1.0,1.0,1.0,1.0,179.0
HeyRayLee_UCjY1by3wCccbvgIvFpSPIA_V0ejYx3coDs_0180_41198_41198_IH1.wav,IH1,0.10447442832909978,0.14999999999999858,0.045525571670898796,ER0,M,immigrants,IH,1,0,1.0,1.0,0.0,1.0,180.0
HeyRayLee_UCjY1by3wCccbvgIvFpSPIA_V0ejYx3coDs_0181_41328_41328_AH0.wav,AH0,0.10000000000000142,0.14596510011646102,0.0459651001164596,M,G,immigrants,AH,0,0,1.0,1.0,0.0,1.0,181.0
HeyRayLee_UCjY1by3wCccbvgIvFpSPIA_V0ejYx3coDs_0182_41528_41528_AH0.wav,AH0,0.10000000000000142,0.19585106213895945,0.09585106213895803,R,N,immigrants,AH,0,0,1.0,1.0,0.0,1.0,182.0
HeyRayLee_UCjY1by3wCccbvgIvFpSPIA_V0ejYx3coDs_0183_42080_42080_AE1.wav,AE1,0.11404746320586481,0.3903251075720918,0.27627764436622704,,N,and,AE,1,0,1.0,4.0,0.0,5.0,183.0
HeyRayLee_UCjY1by3wCccbvgIvFpSPIA_V0ejYx3coDs_0184_42280_42280_AY1.wav,AY1,0.10873416761307114,0.1700000000000017,0.06126583238693056,D,K,i,AY,1,1,1.0,4.0,0.0,1.0,184.0
HeyRayLee_UCjY1by3wCccbvgIvFpSPIA_V0ejYx3coDs_0185_42380_42380_UH1.wav,UH1,0.11287986891954076,0.14000000000000057,0.02712013108045981,K,D,could,UH,1,0,1.0,1.0,0.0,1.0,185.0
HeyRayLee_UCjY1by3wCccbvgIvFpSPIA_V0ejYx3coDs_0186_42630_42630_IY0.wav,IY0,0.07887580299786022,0.091073857019424,0.012198054021563778,R,EY1,create,IY,0,0,4.0,1.0,0.0,1.0,186.0
HeyRayLee_UCjY1by3wCccbvgIvFpSPIA_V0ejYx3coDs_0187_42660_42660_EY1.wav,EY1,0.02883399509315169,0.09897280571714111,0.07013881062398941,IY0,T,create,EY,1,1,1.0,1.0,0.0,1.0,187.0
HeyRayLee_UCjY1by3wCccbvgIvFpSPIA_V0ejYx3coDs_0188_42780_42780_AY1.wav,AY1,0.10000000000000142,0.1600000000000037,0.060000000000002274,L,K,like,AY,1,1,1.0,1.0,1.0,1.0,188.0
HeyRayLee_UCjY1by3wCccbvgIvFpSPIA_V0ejYx3coDs_0189_42920_42920_AH0.wav,AH0,0.11654829401786791,0.15656453458634675,0.04001624056847884,K,HH,a,AH,0,0,1.0,1.0,1.0,4.0,189.0
HeyRayLee_UCjY1by3wCccbvgIvFpSPIA_V0ejYx3coDs_0190_43080_43080_OW1.wav,OW1,0.11137378015125111,0.17726259005279627,0.06588880990154515,HH,L,whole,OW,1,1,1.0,1.0,0.0,1.0,190.0
HeyRayLee_UCjY1by3wCccbvgIvFpSPIA_V0ejYx3coDs_0191_43260_43260_AH1.wav,AH1,0.10000000000000142,0.1599999999999966,0.05999999999999517,N,DH,nother,AH,1,0,1.0,1.0,0.0,1.0,191.0
HeyRayLee_UCjY1by3wCccbvgIvFpSPIA_V0ejYx3coDs_0192_43380_43380_ER0.wav,ER0,0.08031086817686772,0.1600000000000037,0.07968913182313597,DH,V,nother,ER,0,0,1.0,1.0,0.0,1.0,192.0
HeyRayLee_UCjY1by3wCccbvgIvFpSPIA_V0ejYx3coDs_0193_43480_43480_IH1.wav,IH1,0.10000000000000142,0.14000000000000057,0.03999999999999915,V,D,video,IH,1,0,1.0,1.0,0.0,1.0,193.0
HeyRayLee_UCjY1by3wCccbvgIvFpSPIA_V0ejYx3coDs_0194_43610_43610_IY0.wav,IY0,0.10000000000000142,0.1510113655081541,0.05101136550815269,D,OW0,video,IY,0,0,1.0,1.0,0.0,1.0,194.0
HeyRayLee_UCjY1by3wCccbvgIvFpSPIA_V0ejYx3coDs_0195_43640_43640_OW0.wav,OW0,0.07770900340127342,0.1307098240990408,0.05300082069776739,IY0,AH0,video,OW,0,1,1.0,1.0,0.0,1.0,195.0
HeyRayLee_UCjY1by3wCccbvgIvFpSPIA_V0ejYx3coDs_0196_43670_43670_AH0.wav,AH0,0.0919906616731269,0.1240450502388425,0.0320543885657156,OW0,B,about,AH,0,0,1.0,1.0,0.0,4.0,196.0
HeyRayLee_UCjY1by3wCccbvgIvFpSPIA_V0ejYx3coDs_0197_43800_43800_AW1.wav,AW1,0.08640989518764726,0.1599999999999966,0.07359010481234933,B,T,about,AW,1,1,1.0,1.0,0.0,1.0,197.0
HeyRayLee_UCjY1by3wCccbvgIvFpSPIA_V0ejYx3coDs_0198_43960_43960_AY1.wav,AY1,0.09151135539392084,0.15062500180611363,0.059113646412192786,L,K,like,AY,1,1,1.0,1.0,1.0,1.0,198.0
HeyRayLee_UCjY1by3wCccbvgIvFpSPIA_V0ejYx3coDs_0199_44150_44150_OW1.wav,OW1,0.09548173369513553,0.13000000000000256,0.034518266304867026,R,IH0,growing,OW,1,1,1.0,1.0,1.0,1.0,199.0
HeyRayLee_UCjY1by3wCccbvgIvFpSPIA_V0ejYx3coDs_0200_44230_44230_IH0.wav,IH0,0.10000000000000142,0.16607954988773266,0.06607954988773124,OW1,NG,growing,IH,0,0,1.0,1.0,1.0,4.0,200.0
HeyRayLee_UCjY1by3wCccbvgIvFpSPIA_V0ejYx3coDs_0201_44340_44340_AH1.wav,AH1,0.08308643768043304,0.15000000000000568,0.06691356231957264,NG,P,up,AH,1,0,1.0,1.0,1.0,4.0,201.0
HeyRayLee_UCjY1by3wCccbvgIvFpSPIA_V0ejYx3coDs_0202_44470_44470_IH1.wav,IH1,0.10000000000000142,0.14999999999999858,0.04999999999999716,W,TH,with,IH,1,0,1.0,1.0,0.0,1.0,202.0
HeyRayLee_UCjY1by3wCccbvgIvFpSPIA_V0ejYx3coDs_0203_44620_44620_IH1.wav,IH1,0.11582873135730028,0.1445300349374496,0.028701303580149315,TH,M,immigrant,IH,1,0,1.0,1.0,0.0,1.0,203.0
HeyRayLee_UCjY1by3wCccbvgIvFpSPIA_V0ejYx3coDs_0204_44780_44780_AH0.wav,AH0,0.11044317679390414,0.17999999999999972,0.06955682320609557,M,G,immigrant,AH,0,0,1.0,1.0,0.0,3.0,204.0
HeyRayLee_UCjY1by3wCccbvgIvFpSPIA_V0ejYx3coDs_0205_44920_44920_AH0.wav,AH0,0.0896980467971121,0.14000000000000057,0.050301953202888466,R,N,immigrant,AH,0,0,1.0,1.0,0.0,3.0,205.0
HeyRayLee_UCjY1by3wCccbvgIvFpSPIA_V0ejYx3coDs_0206_45200_45200_EH1.wav,EH1,0.12848011252806849,0.1620109623837243,0.033530849855655825,P,R,parents,EH,1,0,1.0,1.0,0.0,5.0,206.0
HeyRayLee_UCjY1by3wCccbvgIvFpSPIA_V0ejYx3coDs_0207_45340_45340_AH0.wav,AH0,0.07445818776062298,0.12549959254089907,0.05104140478027609,R,N,parents,AH,0,0,1.0,1.0,0.0,1.0,207.0
HeyRayLee_UCjY1by3wCccbvgIvFpSPIA_V0ejYx3coDs_0208_45680_45680_AH1.wav,AH1,0.1116493424303636,0.24323378038243382,0.1315844379520702,B,T,but,AH,1,0,1.0,1.0,0.0,1.0,208.0
HeyRayLee_UCjY1by3wCccbvgIvFpSPIA_V0ejYx3coDs_0210_46772_46772_OW1.wav,OW1,0.07693586420341854,0.26073459674553245,0.18379873254211393,S,AY1,so,OW,1,1,1.0,1.0,0.0,1.0,210.0
HeyRayLee_UCjY1by3wCccbvgIvFpSPIA_V0ejYx3coDs_0211_46942_46942_AY1.wav,AY1,0.2148672940380957,0.2700000000000031,0.05513270596190742,OW1,JH,i,AY,1,1,1.0,1.0,0.0,1.0,211.0
HeyRayLee_UCjY1by3wCccbvgIvFpSPIA_V0ejYx3coDs_0212_47002_47002_IH0.wav,IH0,0.10849391123171315,0.13000000000000256,0.02150608876828941,JH,S,just,IH,0,0,1.0,1.0,0.0,4.0,212.0
HeyRayLee_UCjY1by3wCccbvgIvFpSPIA_V0ejYx3coDs_0213_47122_47122_AO1.wav,AO1,0.10000000000000142,0.16181210211329952,0.0618121021132981,W,N,wanted,AO,1,0,1.0,1.0,0.0,1.0,213.0
HeyRayLee_UCjY1by3wCccbvgIvFpSPIA_V0ejYx3coDs_0214_47182_47182_IH0.wav,IH0,0.12277556950356665,0.12848823281230803,0.005712663308741386,N,D,wanted,IH,0,0,4.0,1.0,0.0,1.0,214.0
HeyRayLee_UCjY1by3wCccbvgIvFpSPIA_V0ejYx3coDs_0215_47272_47272_IH0.wav,IH0,0.10151176718769589,0.13000000000000256,0.02848823281230667,T,T,to,IH,0,0,3.0,1.0,0.0,3.0,215.0
HeyRayLee_UCjY1by3wCccbvgIvFpSPIA_V0ejYx3coDs_0216_47422_47422_EY1.wav,EY1,0.10000000000000142,0.17457955133262312,0.0745795513326217,T,K,take,EY,1,1,1.0,1.0,0.0,1.0,216.0
HeyRayLee_UCjY1by3wCccbvgIvFpSPIA_V0ejYx3coDs_0217_47522_47522_AH0.wav,AH0,0.09731493120876723,0.12645779330553467,0.029142862096767433,DH,T,the,AH,0,0,1.0,1.0,0.0,1.0,217.0
HeyRayLee_UCjY1by3wCccbvgIvFpSPIA_V0ejYx3coDs_0218_47852_47852_AY1.wav,AY1,0.10000000000000142,0.30999999999999517,0.20999999999999375,T,M,time,AY,1,1,1.0,1.0,0.0,1.0,218.0
HeyRayLee_UCjY1by3wCccbvgIvFpSPIA_V0ejYx3coDs_0219_48742_48742_UW1.wav,UW1,0.10000000000000142,0.5486929202467763,0.4486929202467749,T,,to,UW,1,0,1.0,1.0,0.0,1.0,219.0
HeyRayLee_UCjY1by3wCccbvgIvFpSPIA_V0ejYx3coDs_0220_49472_49472_EH1.wav,EH1,0.09102069227590728,0.15000000000000568,0.0589793077240984,SH,R,share,EH,1,0,1.0,1.0,0.0,1.0,220.0
HeyRayLee_UCjY1by3wCccbvgIvFpSPIA_V0ejYx3coDs_0221_49732_49732_AY1.wav,AY1,0.10000000000000142,0.29999999999999716,0.19999999999999574,W,,y,AY,1,1,2.0,1.0,0.0,1.0,221.0
HeyRayLee_UCjY1by3wCccbvgIvFpSPIA_V0ejYx3coDs_0222_50092_50092_AY1.wav,AY1,0.10000000000000142,0.27383889327172356,0.17383889327172214,M,S,my,AY,1,1,1.0,1.0,0.0,1.0,222.0
HeyRayLee_UCjY1by3wCccbvgIvFpSPIA_V0ejYx3coDs_0223_50302_50302_AO1.wav,AO1,0.08640989518764962,0.16390341485405482,0.0774935196664052,T,R,story,AO,1,0,1.0,1.0,1.0,1.0,223.0
HeyRayLee_UCjY1by3wCccbvgIvFpSPIA_V0ejYx3coDs_0224_50472_50472_IY0.wav,IY0,0.1336249989163327,0.17999999999999972,0.04637500108366702,R,W,story,IY,0,0,1.0,1.0,0.0,1.0,224.0
HeyRayLee_UCjY1by3wCccbvgIvFpSPIA_V0ejYx3coDs_0225_50602_50602_IH1.wav,IH1,0.10000000000000142,0.14000000000000767,0.04000000000000625,W,TH,with,IH,1,0,1.0,1.0,0.0,4.0,225.0
HeyRayLee_UCjY1by3wCccbvgIvFpSPIA_V0ejYx3coDs_0226_50772_50772_UW1.wav,UW1,0.08804220235979578,0.13043181995509387,0.04238961759529809,Y,G,you,UW,1,0,1.0,1.0,0.0,4.0,226.0
HeyRayLee_UCjY1by3wCccbvgIvFpSPIA_V0ejYx3coDs_0227_51022_51022_AY1.wav,AY1,0.06756410256410302,0.2956566738044274,0.2280925712403244,G,Z,guys,AY,1,1,1.0,4.0,0.0,1.0,227.0
HeyRayLee_UCjY1by3wCccbvgIvFpSPIA_V0ejYx3coDs_0228_51602_51602_AE1.wav,AE1,0.22566476519085815,0.44000000000000483,0.21433523480914668,,N,and,AE,1,0,1.0,1.0,0.0,1.0,228.0
HeyRayLee_UCjY1by3wCccbvgIvFpSPIA_V0ejYx3coDs_0229_51872_51872_EY1.wav,EY1,0.19057345533988326,0.2895791539877557,0.09900569864787243,D,M,amy,EY,1,1,1.0,1.0,0.0,1.0,229.0
HeyRayLee_UCjY1by3wCccbvgIvFpSPIA_V0ejYx3coDs_0230_51992_51992_IY0.wav,IY0,0.09234130768363942,0.15940300739495109,0.06706169971131166,M,HH,amy,IY,0,0,1.0,1.0,0.0,1.0,230.0
HeyRayLee_UCjY1by3wCccbvgIvFpSPIA_V0ejYx3coDs_0231_52092_52092_AE1.wav,AE1,0.10000000000000142,0.14000000000000057,0.03999999999999915,HH,D,had,AE,1,0,1.0,1.0,0.0,1.0,231.0
HeyRayLee_UCjY1by3wCccbvgIvFpSPIA_V0ejYx3coDs_0232_52322_52322_IY0.wav,IY0,0.10000000000000142,0.14417126864270163,0.04417126864270021,R,EY1,created,IY,0,0,1.0,1.0,0.0,1.0,232.0
HeyRayLee_UCjY1by3wCccbvgIvFpSPIA_V0ejYx3coDs_0233_52372_52372_EY1.wav,EY1,0.07894682658713989,0.14999999999999858,0.07105317341285869,IY0,T,created,EY,1,1,1.0,1.0,0.0,1.0,233.0
HeyRayLee_UCjY1by3wCccbvgIvFpSPIA_V0ejYx3coDs_0234_52512_52512_IH0.wav,IH0,0.09349430857658195,0.20000000000000284,0.1065056914234209,T,D,created,IH,0,0,1.0,1.0,0.0,1.0,234.0
HeyRayLee_UCjY1by3wCccbvgIvFpSPIA_V0ejYx3coDs_0235_52662_52662_AH0.wav,AH0,0.1505085219637806,0.19499554251301265,0.044487020549232065,D,B,a,AH,0,0,1.0,1.0,1.0,1.0,235.0
HeyRayLee_UCjY1by3wCccbvgIvFpSPIA_V0ejYx3coDs_0236_52842_52842_AH1.wav,AH1,0.11253651960571986,0.20000000000000284,0.08746348039428298,B,N,bunch,AH,1,0,1.0,1.0,0.0,1.0,236.0
HeyRayLee_UCjY1by3wCccbvgIvFpSPIA_V0ejYx3coDs_0237_53072_53072_AH1.wav,AH1,0.1394204544469434,0.18000000000000682,0.04057954555306342,CH,V,of,AH,1,0,1.0,1.0,1.0,1.0,237.0
HeyRayLee_UCjY1by3wCccbvgIvFpSPIA_V0ejYx3coDs_0238_53282_53282_EH1.wav,EH1,0.09300973567174751,0.12745129996792823,0.03444156429618071,W,S,questions,EH,1,0,1.0,1.0,0.0,1.0,238.0
HeyRayLee_UCjY1by3wCccbvgIvFpSPIA_V0ejYx3coDs_0239_53532_53532_AH0.wav,AH0,0.09197848124676904,0.15440381653359558,0.06242533528682655,CH,N,questions,AH,0,0,1.0,1.0,0.0,1.0,239.0
HeyRayLee_UCjY1by3wCccbvgIvFpSPIA_V0ejYx3coDs_0240_54002_54002_OW1.wav,OW1,0.08497483000864212,0.1600000000000037,0.07502516999136158,S,W,so,OW,1,1,1.0,1.0,1.0,1.0,240.0
HeyRayLee_UCjY1by3wCccbvgIvFpSPIA_V0ejYx3coDs_0241_54092_54092_IH0.wav,IH0,0.08964082191147443,0.1258624189777689,0.036221597066294464,W,TH,without,IH,0,0,1.0,1.0,1.0,3.0,241.0
HeyRayLee_UCjY1by3wCccbvgIvFpSPIA_V0ejYx3coDs_0242_54172_54172_AW1.wav,AW1,0.10691882894520197,0.17414611310024505,0.06722728415504309,TH,T,without,AW,1,1,1.0,4.0,0.0,1.0,242.0
HeyRayLee_UCjY1by3wCccbvgIvFpSPIA_V0ejYx3coDs_0243_54382_54382_ER1.wav,ER1,0.09498862871228513,0.1738068239285422,0.07881819521625706,F,DH,further,ER,1,0,1.0,1.0,1.0,1.0,243.0
HeyRayLee_UCjY1by3wCccbvgIvFpSPIA_V0ejYx3coDs_0244_54462_54462_ER0.wav,ER0,0.08754747909966136,0.12753612226085115,0.03998864316118979,DH,AH0,further,ER,0,0,1.0,1.0,0.0,4.0,244.0
HeyRayLee_UCjY1by3wCccbvgIvFpSPIA_V0ejYx3coDs_0245_54492_54492_AH0.wav,AH0,0.0967512144304084,0.1202366080330112,0.023485393602602794,ER0,D,ado,AH,0,0,1.0,4.0,0.0,1.0,245.0
HeyRayLee_UCjY1by3wCccbvgIvFpSPIA_V0ejYx3coDs_0246_54812_54812_UW1.wav,UW1,0.10000000000000142,0.2905093455513286,0.1905093455513272,D,,ado,UW,1,0,1.0,1.0,0.0,5.0,246.0
HeyRayLee_UCjY1by3wCccbvgIvFpSPIA_V0ejYx3coDs_0247_55468_55468_AA1.wav,AA1,0.08183481579091997,0.11706290619482525,0.035228090403905274,T,R,started,AA,1,0,1.0,1.0,0.0,1.0,247.0
HeyRayLee_UCjY1by3wCccbvgIvFpSPIA_V0ejYx3coDs_0248_55588_55588_AH0.wav,AH0,0.1110288125601467,0.15000000000000568,0.03897118743985899,T,D,started,AH,0,0,1.0,1.0,0.0,1.0,248.0
HeyRayLee_UCjY1by3wCccbvgIvFpSPIA_V0ejYx3coDs_0249_55918_55918_AY1.wav,AY1,0.11240624105974227,0.22988840388733697,0.1174821628275947,,AE1,i,AY,1,1,1.0,1.0,0.0,1.0,249.0
HeyRayLee_UCjY1by3wCccbvgIvFpSPIA_V0ejYx3coDs_0250_55968_55968_AE1.wav,AE1,0.10000000000000142,0.15000000000000568,0.05000000000000426,AY1,M,am,AE,1,0,1.0,1.0,0.0,1.0,250.0
HeyRayLee_UCjY1by3wCccbvgIvFpSPIA_V0ejYx3coDs_0257_57268_57268_IY1.wav,IY1,0.11252839932148057,0.18008685236398703,0.06755845304250646,R,AH0,korean,IY,1,0,1.0,1.0,0.0,4.0,257.0
HeyRayLee_UCjY1by3wCccbvgIvFpSPIA_V0ejYx3coDs_0260_57918_57918_AE1.wav,AE1,0.10000000000000142,0.1600000000000037,0.060000000000002274,AY1,K,actually,AE,1,0,1.0,1.0,1.0,1.0,260.0
HeyRayLee_UCjY1by3wCccbvgIvFpSPIA_V0ejYx3coDs_0263_58598_58598_AO1.wav,AO1,0.10000000000000142,0.24482630972093344,0.14482630972093202,B,R,born,AO,1,0,1.0,1.0,0.0,1.0,263.0
HeyRayLee_UCjY1by3wCccbvgIvFpSPIA_V0ejYx3coDs_0265_59498_59498_IY1.wav,IY1,0.09928976410718682,0.17256088045843318,0.07327111635124636,R,AH0,korea,IY,1,0,1.0,1.0,0.0,4.0,265.0
HeyRayLee_UCjY1by3wCccbvgIvFpSPIA_V0ejYx3coDs_0269_59868_59868_AO1.wav,AO1,0.11991111756495643,0.18212947229711782,0.06221835473216139,B,R,born,AO,1,0,1.0,1.0,0.0,1.0,269.0
HeyRayLee_UCjY1by3wCccbvgIvFpSPIA_V0ejYx3coDs_0271_60948_60948_AE1.wav,AE1,0.19541071010585478,0.3781607411710011,0.18275003106514634,,N,and,AE,1,0,1.0,1.0,0.0,1.0,271.0
HeyRayLee_UCjY1by3wCccbvgIvFpSPIA_V0ejYx3coDs_0273_61858_61858_UW1.wav,UW1,0.035906228055726346,0.21076340063632865,0.1748571725806023,M,V,moved,UW,1,0,1.0,1.0,0.0,1.0,273.0
HeyRayLee_UCjY1by3wCccbvgIvFpSPIA_V0ejYx3coDs_0274_62128_62128_IY1.wav,IY1,0.11158237898320252,0.16633563504379584,0.05475325606059332,HH,R,here,IY,1,0,1.0,1.0,0.0,1.0,274.0
HeyRayLee_UCjY1by3wCccbvgIvFpSPIA_V0ejYx3coDs_0277_62698_62698_AA1.wav,AA1,0.10259942291076143,0.22108889110438917,0.11848946819362774,W,Z,was,AA,1,0,1.0,1.0,0.0,2.0,277.0
HeyRayLee_UCjY1by3wCccbvgIvFpSPIA_V0ejYx3coDs_0280_63248_63248_OW1.wav,OW1,0.09201622900935497,0.20063962409730635,0.10862339508795138,Z,L,old,OW,1,1,1.0,1.0,0.0,4.0,280.0
HeyRayLee_UCjY1by3wCccbvgIvFpSPIA_V0ejYx3coDs_0285_64607_64607_EY1.wav,EY1,0.13216922123295055,0.2775563412507777,0.14538712001782716,,T,eight,EY,1,1,1.0,1.0,0.0,1.0,285.0
HeyRayLee_UCjY1by3wCccbvgIvFpSPIA_V0ejYx3coDs_0286_65206_65206_AE1.wav,AE1,0.22637335390856828,0.5244253526254992,0.2980519987169309,T,N,and,AE,1,0,1.0,1.0,0.0,1.0,286.0
HeyRayLee_UCjY1by3wCccbvgIvFpSPIA_V0ejYx3coDs_0287_65407_65407_OW1.wav,OW1,0.09437945568087312,0.18999999999999773,0.0956205443191246,B,TH,both,OW,1,1,1.0,1.0,1.0,1.0,287.0
HeyRayLee_UCjY1by3wCccbvgIvFpSPIA_V0ejYx3coDs_0291_66137_66137_EY1.wav,EY1,0.11741517048261663,0.22999999999998977,0.11258482951737314,K,M,came,EY,1,1,1.0,1.0,1.0,1.0,291.0
HeyRayLee_UCjY1by3wCccbvgIvFpSPIA_V0ejYx3coDs_0293_66737_66737_IY1.wav,IY1,0.09308643768042442,0.16871713235484215,0.07563069467441773,HH,R,here,IY,1,0,1.0,4.0,0.0,1.0,293.0
HeyRayLee_UCjY1by3wCccbvgIvFpSPIA_V0ejYx3coDs_0294_66897_66897_AE1.wav,AE1,0.09999999999999432,0.1700000000000017,0.07000000000000739,R,Z,as,AE,1,0,1.0,4.0,0.0,1.0,294.0
HeyRayLee_UCjY1by3wCccbvgIvFpSPIA_V0ejYx3coDs_0296_67986_67986_OW1.wav,OW1,0.07931247778480721,0.335471612237634,0.2561591344528268,S,W,so,OW,1,1,1.0,1.0,0.0,1.0,296.0
HeyRayLee_UCjY1by3wCccbvgIvFpSPIA_V0ejYx3coDs_0297_68156_68156_IY1.wav,IY1,0.09999999999999432,0.20999999999999375,0.10999999999999943,W,AE1,we,IY,1,0,1.0,1.0,0.0,1.0,297.0
HeyRayLee_UCjY1by3wCccbvgIvFpSPIA_V0ejYx3coDs_0298_68236_68236_AE1.wav,AE1,0.13014772559796184,0.17419318763057384,0.044045462032612004,IY1,K,actually,AE,1,0,1.0,1.0,1.0,1.0,298.0
HeyRayLee_UCjY1by3wCccbvgIvFpSPIA_V0ejYx3coDs_0300_68556_68556_UW1.wav,UW1,0.07148375798662611,0.13175649550493523,0.060272737518309125,M,V,moved,UW,1,0,1.0,1.0,1.0,1.0,300.0
HeyRayLee_UCjY1by3wCccbvgIvFpSPIA_V0ejYx3coDs_0302_68866_68866_IY1.wav,IY1,0.13257832751041593,0.16238352738210765,0.029805199871691723,HH,R,here,IY,1,0,1.0,1.0,1.0,1.0,302.0
HeyRayLee_UCjY1by3wCccbvgIvFpSPIA_V0ejYx3coDs_0305_69446_69446_AE1.wav,AE1,0.07870980676034955,0.22999999999998977,0.1512901932396402,D,D,dad's,AE,1,0,1.0,2.0,0.0,1.0,305.0
HeyRayLee_UCjY1by3wCccbvgIvFpSPIA_V0ejYx3coDs_0307_69996_69996_AE1.wav,AE1,0.15455966241578858,0.2059736321944568,0.05141396977866822,K,N,and,AE,1,0,1.0,1.0,0.0,1.0,307.0
HeyRayLee_UCjY1by3wCccbvgIvFpSPIA_V0ejYx3coDs_0310_70486_70486_IY1.wav,IY1,0.08437539553875398,0.2036237924328142,0.11924839689406022,L,V,believe,IY,1,0,1.0,1.0,0.0,1.0,310.0
HeyRayLee_UCjY1by3wCccbvgIvFpSPIA_V0ejYx3coDs_0311_70616_70616_IY1.wav,IY1,0.09999999999999432,0.12999999999999545,0.030000000000001137,W,W,we,IY,1,0,3.0,1.0,0.0,1.0,311.0
HeyRayLee_UCjY1by3wCccbvgIvFpSPIA_V0ejYx3coDs_0314_70976_70976_OW1.wav,OW1,0.11160226790001992,0.20239773787952714,0.09079546997950722,P,Z,supposed,OW,1,1,1.0,1.0,0.0,1.0,314.0
HeyRayLee_UCjY1by3wCccbvgIvFpSPIA_V0ejYx3coDs_0316_71366_71366_OW1.wav,OW1,0.09362214525772358,0.23899148815044965,0.14536934289272607,G,B,go,OW,1,1,1.0,1.0,0.0,1.0,316.0
HeyRayLee_UCjY1by3wCccbvgIvFpSPIA_V0ejYx3coDs_0317_71746_71746_AE1.wav,AE1,0.08746142142541109,0.24145495409582476,0.15399353267041366,B,K,back,AE,1,0,1.0,1.0,0.0,1.0,317.0
HeyRayLee_UCjY1by3wCccbvgIvFpSPIA_V0ejYx3coDs_0318_72036_72036_AE1.wav,AE1,0.13461038529448022,0.2215974130681623,0.08698702777368209,,F,after,AE,1,0,1.0,1.0,0.0,1.0,318.0
HeyRayLee_UCjY1by3wCccbvgIvFpSPIA_V0ejYx3coDs_0320_72556_72556_IY1.wav,IY1,0.0841448777189169,0.16014813739173078,0.07600325967281388,R,Y,three,IY,1,0,1.0,1.0,0.0,1.0,320.0
HeyRayLee_UCjY1by3wCccbvgIvFpSPIA_V0ejYx3coDs_0322_73662_73662_AE1.wav,AE1,0.11713634275112668,0.37999999999999545,0.2628636572488688,,N,and,AE,1,0,1.0,1.0,0.0,1.0,322.0
HeyRayLee_UCjY1by3wCccbvgIvFpSPIA_V0ejYx3coDs_0326_74682_74682_AE1.wav,AE1,0.07821711357127488,0.19542330232597707,0.11720618875470219,B,K,back,AE,1,0,1.0,4.0,0.0,5.0,326.0
HeyRayLee_UCjY1by3wCccbvgIvFpSPIA_V0ejYx3coDs_0328_75102_75102_IY1.wav,IY1,0.08197442110464538,0.14800121804263175,0.06602679693798637,R,AH0,korea,IY,1,0,1.0,1.0,0.0,4.0,328.0
HeyRayLee_UCjY1by3wCccbvgIvFpSPIA_V0ejYx3coDs_0331_75472_75472_IY1.wav,IY1,0.09999999999999432,0.15999999999998238,0.05999999999998806,W,AE1,we,IY,1,0,1.0,1.0,0.0,3.0,331.0
HeyRayLee_UCjY1by3wCccbvgIvFpSPIA_V0ejYx3coDs_0332_75552_75552_AE1.wav,AE1,0.09999999999999432,0.18000000000000682,0.0800000000000125,IY1,K,actually,AE,1,0,1.0,4.0,0.0,1.0,332.0
HeyRayLee_UCjY1by3wCccbvgIvFpSPIA_V0ejYx3coDs_0337_76232_76232_EY1.wav,EY1,0.08722604877371651,0.14999999999999147,0.06277395122627497,T,IH0,staying,EY,1,1,1.0,1.0,1.0,1.0,337.0
HeyRayLee_UCjY1by3wCccbvgIvFpSPIA_V0ejYx3coDs_0340_76762_76762_IY1.wav,IY1,0.10648659719632945,0.17251339413431446,0.06602679693798501,HH,R,here,IY,1,0,1.0,1.0,0.0,1.0,340.0
HeyRayLee_UCjY1by3wCccbvgIvFpSPIA_V0ejYx3coDs_0343_78150_78150_AE1.wav,AE1,0.09999999999999432,0.15000000000000568,0.05000000000001137,AY1,K,actually,AE,1,0,1.0,1.0,1.0,1.0,343.0
HeyRayLee_UCjY1by3wCccbvgIvFpSPIA_V0ejYx3coDs_0346_78760_78760_OW1.wav,OW1,0.0734464104586948,0.2736380029302373,0.20019159247154253,N,HH,know,OW,1,1,1.0,1.0,0.0,1.0,346.0
HeyRayLee_UCjY1by3wCccbvgIvFpSPIA_V0ejYx3coDs_0348_79250_79250_UW1.wav,UW1,0.10438351582299225,0.1756124240348806,0.07122890821188833,T,S,to,UW,1,0,1.0,1.0,1.0,1.0,348.0
HeyRayLee_UCjY1by3wCccbvgIvFpSPIA_V0ejYx3coDs_0349_79490_79490_EY1.wav,EY1,0.09999999999999432,0.17843303799772,0.07843303799772569,S,EH1,say,EY,1,1,1.0,1.0,1.0,1.0,349.0
HeyRayLee_UCjY1by3wCccbvgIvFpSPIA_V0ejYx3coDs_0359_81390_81390_AO1.wav,AO1,0.09999999999999432,0.22015625767597682,0.12015625767598251,B,R,born,AO,1,0,1.0,1.0,0.0,1.0,359.0
HeyRayLee_UCjY1by3wCccbvgIvFpSPIA_V0ejYx3coDs_0360_81800_81800_IY1.wav,IY1,0.09999999999999432,0.175864449048823,0.07586444904882869,HH,R,here,IY,1,0,1.0,1.0,0.0,1.0,360.0
HeyRayLee_UCjY1by3wCccbvgIvFpSPIA_V0ejYx3coDs_0362_82150_82150_IY1.wav,IY1,0.09999999999999432,0.16648174236447405,0.06648174236447973,N,DH,neither,IY,1,0,1.0,1.0,1.0,1.0,362.0
HeyRayLee_UCjY1by3wCccbvgIvFpSPIA_V0ejYx3coDs_0368_83460_83460_OW1.wav,OW1,0.0871594682225207,0.3454298043329216,0.2582703361104009,S,,so,OW,1,1,1.0,1.0,0.0,1.0,368.0
HeyRayLee_UCjY1by3wCccbvgIvFpSPIA_V0ejYx3coDs_0374_85870_85870_AA1.wav,AA1,0.09999999999999432,0.36178938843566305,0.26178938843566874,N,T,not,AA,1,0,1.0,1.0,1.0,1.0,374.0
HeyRayLee_UCjY1by3wCccbvgIvFpSPIA_V0ejYx3coDs_0379_87102_87102_EY1.wav,EY1,0.09999999999999432,0.2101168916360934,0.11011689163609908,ER0,SH,generation,EY,1,1,1.0,1.0,0.0,1.0,379.0
HeyRayLee_UCjY1by3wCccbvgIvFpSPIA_V0ejYx3coDs_0384_89132_89132_IY1.wav,IY1,0.09999999999999432,0.3271607325016527,0.22716073250165836,B,F,be,IY,1,0,1.0,1.0,0.0,1.0,384.0
HeyRayLee_UCjY1by3wCccbvgIvFpSPIA_V0ejYx3coDs_0388_89662_89662_EY1.wav,EY1,0.09999999999999432,0.19377922652124874,0.09377922652125442,ER0,SH,generation,EY,1,1,1.0,1.0,0.0,1.0,388.0
HeyRayLee_UCjY1by3wCccbvgIvFpSPIA_V0ejYx3coDs_0393_91274_91274_UW1.wav,UW1,0.07134171080806692,0.14847646417971605,0.07713475337164913,M,V,moved,UW,1,0,1.0,1.0,0.0,1.0,393.0
HeyRayLee_UCjY1by3wCccbvgIvFpSPIA_V0ejYx3coDs_0398_92184_92184_OW1.wav,OW1,0.08603894846653594,0.1942207850378664,0.10818183657133047,S,Y,so,OW,1,1,1.0,1.0,0.0,1.0,398.0
HeyRayLee_UCjY1by3wCccbvgIvFpSPIA_V0ejYx3coDs_0406_93614_93614_IY1.wav,IY1,0.09999999999999432,0.14000000000000057,0.04000000000000625,B,IH0,being,IY,1,0,1.0,4.0,0.0,1.0,406.0
HeyRayLee_UCjY1by3wCccbvgIvFpSPIA_V0ejYx3coDs_0412_94384_94384_EY1.wav,EY1,0.09999999999999432,0.19999999999998863,0.09999999999999432,ER0,SH,generation,EY,1,1,1.0,1.0,0.0,3.0,412.0
HeyRayLee_UCjY1by3wCccbvgIvFpSPIA_V0ejYx3coDs_0414_95026_95026_OW1.wav,OW1,0.08804220235978795,0.14897727765302354,0.060935075293235594,S,W,so,OW,1,1,1.0,1.0,0.0,1.0,414.0
HeyRayLee_UCjY1by3wCccbvgIvFpSPIA_V0ejYx3coDs_0422_96326_96326_UW1.wav,UW1,0.10345494253670345,0.20999999999999375,0.1065450574632903,T,M,to,UW,1,0,1.0,1.0,0.0,1.0,422.0
HeyRayLee_UCjY1by3wCccbvgIvFpSPIA_V0ejYx3coDs_0423_96766_96766_UW1.wav,UW1,0.0875007874652853,0.2747491959184697,0.18724840845318438,M,V,move,UW,1,0,1.0,1.0,0.0,1.0,423.0
HeyRayLee_UCjY1by3wCccbvgIvFpSPIA_V0ejYx3coDs_0424_97286_97286_UW1.wav,UW1,0.09999999999999432,0.2953721676535237,0.19537216765352938,T,AH0,to,UW,1,0,1.0,1.0,0.0,1.0,424.0
HeyRayLee_UCjY1by3wCccbvgIvFpSPIA_V0ejYx3coDs_0429_98256_98256_IY1.wav,IY1,0.10687134262108183,0.15567735741097702,0.048806014789895186,W,AE1,we,IY,1,0,1.0,1.0,0.0,1.0,429.0
HeyRayLee_UCjY1by3wCccbvgIvFpSPIA_V0ejYx3coDs_0430_98356_98356_AE1.wav,AE1,0.14606736946136542,0.19781250812749743,0.05174513866613201,IY1,K,actually,AE,1,0,1.0,1.0,0.0,1.0,430.0
HeyRayLee_UCjY1by3wCccbvgIvFpSPIA_V0ejYx3coDs_0433_99296_99296_UW1.wav,UW1,0.08871548517975894,0.29000000000000625,0.2012845148202473,M,V,moved,UW,1,0,1.0,1.0,0.0,1.0,433.0
HeyRayLee_UCjY1by3wCccbvgIvFpSPIA_V0ejYx3coDs_0434_100156_100156_UW1.wav,UW1,0.09999999999999432,0.3978125081275022,0.29781250812750787,T,,to,UW,1,0,1.0,1.0,0.0,1.0,434.0
HeyRayLee_UCjY1by3wCccbvgIvFpSPIA_V0ejYx3coDs_0436_100580_100580_AE1.wav,AE1,0.08936078769646295,0.1699999999999875,0.08063921230352454,S,N,san,AE,1,0,1.0,1.0,1.0,1.0,436.0
HeyRayLee_UCjY1by3wCccbvgIvFpSPIA_V0ejYx3coDs_0437_100700_100700_EY1.wav,EY1,0.09999999999999432,0.12999999999999545,0.030000000000001137,G,B,gabriel,EY,1,1,3.0,1.0,0.0,1.0,437.0
HeyRayLee_UCjY1by3wCccbvgIvFpSPIA_V0ejYx3coDs_0440_101030_101030_AE1.wav,AE1,0.09100445170742263,0.22999999999998977,0.13899554829256713,V,L,valley,AE,1,0,1.0,4.0,0.0,1.0,440.0
HeyRayLee_UCjY1by3wCccbvgIvFpSPIA_V0ejYx3coDs_0447_102140_102140_AO1.wav,AO1,0.11155519336968438,0.14000000000000057,0.02844480663031619,F,R,california,AO,1,0,1.0,1.0,1.0,1.0,447.0
HeyRayLee_UCjY1by3wCccbvgIvFpSPIA_V0ejYx3coDs_0451_102960_102960_UW1.wav,UW1,0.0893668779096409,0.1420227310162956,0.05265585310665469,Y,G,you,UW,1,0,1.0,1.0,0.0,1.0,451.0
HeyRayLee_UCjY1by3wCccbvgIvFpSPIA_V0ejYx3coDs_0453_103220_103220_AA1.wav,AA1,0.09300973567173651,0.15262013541511915,0.05961039974338264,Z,R,aren't,AA,1,0,1.0,1.0,0.0,4.0,453.0
HeyRayLee_UCjY1by3wCccbvgIvFpSPIA_V0ejYx3coDs_0458_103870_103870_AE1.wav,AE1,0.08764771837351165,0.17844318835301887,0.09079546997950722,DH,T,that,AE,1,0,1.0,1.0,1.0,1.0,458.0
HeyRayLee_UCjY1by3wCccbvgIvFpSPIA_V0ejYx3coDs_0463_104860_104860_AA1.wav,AA1,0.14795941013792316,0.21402760318684155,0.0660681930489184,R,R,are,AA,1,0,1.0,1.0,0.0,1.0,463.0
HeyRayLee_UCjY1by3wCccbvgIvFpSPIA_V0ejYx3coDs_0467_106260_106260_EY1.wav,EY1,0.1566643620664204,0.23886323967552914,0.08219887760910874,,ZH,asians,EY,1,1,1.0,1.0,0.0,4.0,467.0
HeyRayLee_UCjY1by3wCccbvgIvFpSPIA_V0ejYx3coDs_0469_107320_107320_AE1.wav,AE1,0.07437133539663118,0.18999999999998352,0.11562866460335233,R,N,granted,AE,1,0,1.0,1.0,0.0,1.0,469.0
HeyRayLee_UCjY1by3wCccbvgIvFpSPIA_V0ejYx3coDs_0475_109100_109100_AE1.wav,AE1,0.08856249295615119,0.15999999999998238,0.07143750704383119,HH,D,had,AE,1,0,1.0,1.0,0.0,1.0,475.0
HeyRayLee_UCjY1by3wCccbvgIvFpSPIA_V0ejYx3coDs_0476_109340_109340_UW1.wav,UW1,0.08157425869896061,0.21082671573513997,0.12925245703617938,M,V,moved,UW,1,0,1.0,1.0,0.0,1.0,476.0
HeyRayLee_UCjY1by3wCccbvgIvFpSPIA_V0ejYx3coDs_0483_111168_111168_EY1.wav,EY1,0.12447077998075139,0.1976591041101311,0.07318832412937971,,ZH,asian,EY,1,1,1.0,1.0,1.0,1.0,483.0
HeyRayLee_UCjY1by3wCccbvgIvFpSPIA_V0ejYx3coDs_0485_111691_111691_IY1.wav,IY1,0.09999999999999432,0.12999999999999545,0.030000000000001137,P,P,people,IY,1,0,2.0,1.0,0.0,1.0,485.0
HeyRayLee_UCjY1by3wCccbvgIvFpSPIA_V0ejYx3coDs_0491_112501_112501_OW1.wav,OW1,0.08600770271090216,0.1700000000000017,0.08399229728909954,G,IH0,going,OW,1,1,1.0,1.0,1.0,1.0,491.0
HeyRayLee_UCjY1by3wCccbvgIvFpSPIA_V0ejYx3coDs_0496_113381_113381_EY1.wav,EY1,0.0862081812586129,0.269999999999996,0.18379181874138312,R,D,grade,EY,1,1,1.0,1.0,0.0,1.0,496.0
HeyRayLee_UCjY1by3wCccbvgIvFpSPIA_V0ejYx3coDs_0503_114881_114881_EY1.wav,EY1,0.0907386279898353,0.1799999999999926,0.08926137201015731,ER0,ZH,asian,EY,1,1,1.0,1.0,1.0,1.0,503.0
HeyRayLee_UCjY1by3wCccbvgIvFpSPIA_V0ejYx3coDs_0512_116351_116351_IY1.wav,IY1,0.08077393388759108,0.17121063757234817,0.09043670368475709,L,V,believe,IY,1,0,1.0,1.0,0.0,1.0,512.0
HeyRayLee_UCjY1by3wCccbvgIvFpSPIA_V0ejYx3coDs_0513_116511_116511_IY1.wav,IY1,0.10849391123170647,0.13959618924596326,0.031102278014256787,SH,W,she,IY,1,0,1.0,1.0,1.0,1.0,513.0
HeyRayLee_UCjY1by3wCccbvgIvFpSPIA_V0ejYx3coDs_0515_117001_117001_IY1.wav,IY1,0.0918262837129059,0.17925487000320733,0.08742858629030144,R,AH0,korean,IY,1,0,1.0,1.0,1.0,1.0,515.0
HeyRayLee_UCjY1by3wCccbvgIvFpSPIA_V0ejYx3coDs_0518_118155_118155_OW1.wav,OW1,0.09999999999999432,0.39832591382094257,0.29832591382094825,S,M,so,OW,1,1,1.0,1.0,0.0,1.0,518.0
HeyRayLee_UCjY1by3wCccbvgIvFpSPIA_V0ejYx3coDs_0520_118795_118795_IY1.wav,IY1,0.10851135828369628,0.16723864099384564,0.05872728271014936,T,CH,teacher,IY,1,0,1.0,1.0,0.0,1.0,520.0
HeyRayLee_UCjY1by3wCccbvgIvFpSPIA_V0ejYx3coDs_0530_121184_121184_IY1.wav,IY1,0.09999999999999432,0.13999999999998636,0.03999999999999204,SH,K,she,IY,1,0,1.0,1.0,0.0,3.0,530.0
HeyRayLee_UCjY1by3wCccbvgIvFpSPIA_V0ejYx3coDs_0534_122084_122084_IY1.wav,IY1,0.09999999999999432,0.3159679537750572,0.2159679537750629,M,TH,me,IY,1,0,1.0,1.0,0.0,1.0,534.0
HeyRayLee_UCjY1by3wCccbvgIvFpSPIA_V0ejYx3coDs_0535_122544_122544_UW1.wav,UW1,0.09816556710504432,0.2786526107725191,0.1804870436674748,R,DH,through,UW,1,0,1.0,1.0,0.0,1.0,535.0
HeyRayLee_UCjY1by3wCccbvgIvFpSPIA_V0ejYx3coDs_0537_122884_122884_UW1.wav,UW1,0.09999999999999432,0.18871754414862316,0.08871754414862884,K,L,school,UW,1,0,1.0,1.0,1.0,1.0,537.0
HeyRayLee_UCjY1by3wCccbvgIvFpSPIA_V0ejYx3coDs_0539_124706_124706_IY1.wav,IY1,0.10757710657800441,0.15529302378000132,0.0477159172019969,SH,W,she,IY,1,0,1.0,1.0,0.0,1.0,539.0
HeyRayLee_UCjY1by3wCccbvgIvFpSPIA_V0ejYx3coDs_0541_125126_125126_OW1.wav,OW1,0.09281979037529568,0.22594968313552743,0.13312989276023174,S,M,so,OW,1,1,1.0,1.0,0.0,1.0,541.0
HeyRayLee_UCjY1by3wCccbvgIvFpSPIA_V0ejYx3coDs_0542_125476_125476_IY1.wav,IY1,0.11166799596586273,0.34141641164349534,0.2297484156776326,M,N,mean,IY,1,0,1.0,1.0,0.0,1.0,542.0
HeyRayLee_UCjY1by3wCccbvgIvFpSPIA_V0ejYx3coDs_0548_127126_127126_IY1.wav,IY1,0.11832588492314565,0.22533483168471216,0.10700894676156651,SH,W,she,IY,1,0,1.0,1.0,0.0,1.0,548.0
HeyRayLee_UCjY1by3wCccbvgIvFpSPIA_V0ejYx3coDs_0551_127716_127716_EY1.wav,EY1,0.08648862726739028,0.16414773137752198,0.0776591041101317,M,K,make,EY,1,1,1.0,1.0,0.0,1.0,551.0
HeyRayLee_UCjY1by3wCccbvgIvFpSPIA_V0ejYx3coDs_0554_128235_128235_IY1.wav,IY1,0.09999999999999432,0.2119894551895974,0.11198945518960307,M,B,me,IY,1,0,1.0,1.0,0.0,1.0,554.0
HeyRayLee_UCjY1by3wCccbvgIvFpSPIA_V0ejYx3coDs_0559_128756_128756_OW1.wav,OW1,0.08804220235978795,0.12480194886820725,0.0367597465084193,N,HH,know,OW,1,1,1.0,1.0,0.0,1.0,559.0
HeyRayLee_UCjY1by3wCccbvgIvFpSPIA_V0ejYx3coDs_0562_129076_129076_UW1.wav,UW1,0.09999999999999432,0.14999999999997726,0.04999999999998295,D,L,do,UW,1,0,1.0,1.0,1.0,1.0,562.0
HeyRayLee_UCjY1by3wCccbvgIvFpSPIA_V0ejYx3coDs_0567_129826_129826_AA1.wav,AA1,0.08927555360976831,0.1892471615127394,0.09997160790297109,B,R,bars,AA,1,0,1.0,1.0,0.0,1.0,567.0
HeyRayLee_UCjY1by3wCccbvgIvFpSPIA_V0ejYx3coDs_0572_130826_130826_AA1.wav,AA1,0.09250892219842644,0.17394887110709784,0.0814399489086714,N,T,not,AA,1,0,1.0,1.0,0.0,1.0,572.0
HeyRayLee_UCjY1by3wCccbvgIvFpSPIA_V0ejYx3coDs_0576_131786_131786_IY1.wav,IY1,0.08273131973401986,0.15931412495989522,0.07658280522587536,R,AH0,korea,IY,1,0,1.0,1.0,0.0,1.0,576.0
HeyRayLee_UCjY1by3wCccbvgIvFpSPIA_V0ejYx3coDs_0580_132826_132826_IY1.wav,IY1,0.09999999999999432,0.1699999999999875,0.06999999999999318,M,N,mean,IY,1,0,1.0,1.0,1.0,1.0,580.0
HeyRayLee_UCjY1by3wCccbvgIvFpSPIA_V0ejYx3coDs_0582_133026_133026_OW1.wav,OW1,0.09999999999999432,0.1599999999999966,0.060000000000002274,D,N,don't,OW,1,1,4.0,1.0,0.0,1.0,582.0
HeyRayLee_UCjY1by3wCccbvgIvFpSPIA_V0ejYx3coDs_0587_134266_134266_OW1.wav,OW1,0.09999999999999432,0.13999999999998636,0.03999999999999204,D,N,don't,OW,1,1,4.0,1.0,0.0,3.0,587.0
HeyRayLee_UCjY1by3wCccbvgIvFpSPIA_V0ejYx3coDs_0588_134536_134536_OW1.wav,OW1,0.09999999999999432,0.24167208500578027,0.14167208500578596,N,,know,OW,1,1,1.0,4.0,0.0,5.0,588.0
HeyRayLee_UCjY1by3wCccbvgIvFpSPIA_V0ejYx3coDs_0594_135456_135456_OW1.wav,OW1,0.08891110889560494,0.22023337147842217,0.13132226258281723,D,N,don't,OW,1,1,1.0,1.0,1.0,1.0,594.0
HeyRayLee_UCjY1by3wCccbvgIvFpSPIA_V0ejYx3coDs_0599_137146_137146_AA1.wav,AA1,0.06280719815516073,0.3299999999999841,0.26719280184482336,L,T,lot,AA,1,0,1.0,1.0,0.0,1.0,599.0
HeyRayLee_UCjY1by3wCccbvgIvFpSPIA_V0ejYx3coDs_0609_140216_140216_EY1.wav,EY1,0.1418583530560895,0.27000000000001023,0.12814164694392075,,ZH,asian,EY,1,1,1.0,1.0,0.0,1.0,609.0
HeyRayLee_UCjY1by3wCccbvgIvFpSPIA_V0ejYx3coDs_0611_140776_140776_IY1.wav,IY1,0.22151785740087213,0.3400000000000034,0.11848214259913128,N,V,even,IY,1,0,1.0,1.0,0.0,1.0,611.0
HeyRayLee_UCjY1by3wCccbvgIvFpSPIA_V0ejYx3coDs_0613_141396_141396_OW1.wav,OW1,0.06936887908289557,0.35824473987635674,0.28887586079346117,DH,AY1,though,OW,1,1,1.0,1.0,1.0,1.0,613.0
HeyRayLee_UCjY1by3wCccbvgIvFpSPIA_V0ejYx3coDs_0621_142836_142836_AO1.wav,AO1,0.09999999999999432,0.17000000000001592,0.0700000000000216,N,R,minority,AO,1,0,1.0,1.0,0.0,4.0,621.0
HeyRayLee_UCjY1by3wCccbvgIvFpSPIA_V0ejYx3coDs_0640_146376_146376_AO1.wav,AO1,0.08604300860865231,0.18622159706628386,0.10017858845763154,M,R,more,AO,1,0,1.0,1.0,0.0,1.0,640.0
HeyRayLee_UCjY1by3wCccbvgIvFpSPIA_V0ejYx3coDs_0642_146576_146576_AO1.wav,AO1,0.09999999999999432,0.13999999999998636,0.03999999999999204,M,R,more,AO,1,0,1.0,1.0,0.0,1.0,642.0
HeyRayLee_UCjY1by3wCccbvgIvFpSPIA_V0ejYx3coDs_0643_146806_146806_EY1.wav,EY1,0.09077799402971022,0.18999999999999773,0.0992220059702875,R,ZH,asians,EY,1,1,1.0,1.0,1.0,3.0,643.0
HeyRayLee_UCjY1by3wCccbvgIvFpSPIA_V0ejYx3coDs_0650_148156_148156_UW1.wav,UW1,0.10592532228280276,0.16354870870140598,0.05762338641860322,K,L,school,UW,1,0,1.0,1.0,0.0,4.0,650.0
HeyRayLee_UCjY1by3wCccbvgIvFpSPIA_V0ejYx3coDs_0653_148856_148856_UW1.wav,UW1,0.08539285126008206,0.13999999999998636,0.0546071487399043,D,R,do,UW,1,0,1.0,1.0,0.0,1.0,653.0
HeyRayLee_UCjY1by3wCccbvgIvFpSPIA_V0ejYx3coDs_0662_150566_150566_UW1.wav,UW1,0.11951784006218746,0.23791071733030358,0.11839287726811612,K,L,school,UW,1,0,1.0,1.0,0.0,1.0,662.0
HeyRayLee_UCjY1by3wCccbvgIvFpSPIA_V0ejYx3coDs_0671_152816_152816_AO1.wav,AO1,0.128267041760216,0.19999999999998863,0.07173295823977263,IY1,L,also,AO,1,0,1.0,1.0,0.0,1.0,671.0
HeyRayLee_UCjY1by3wCccbvgIvFpSPIA_V0ejYx3coDs_0676_154106_154106_UW1.wav,UW1,0.09999999999999432,0.23357062768928513,0.13357062768929082,T,R,to,UW,1,0,1.0,1.0,0.0,1.0,676.0
HeyRayLee_UCjY1by3wCccbvgIvFpSPIA_V0ejYx3coDs_0677_154296_154296_EY1.wav,EY1,0.09999999999999432,0.20999999999997954,0.10999999999998522,R,Z,raise,EY,1,1,1.0,4.0,0.0,1.0,677.0
HeyRayLee_UCjY1by3wCccbvgIvFpSPIA_V0ejYx3coDs_0689_156812_156812_EY1.wav,EY1,0.09120737211997065,0.25,0.15879262788002935,M,D,made,EY,1,1,1.0,1.0,0.0,1.0,689.0
HeyRayLee_UCjY1by3wCccbvgIvFpSPIA_V0ejYx3coDs_0693_157822_157822_UW1.wav,UW1,0.09576135611636608,0.16453409507957076,0.06877273896320468,S,SH,sushi,UW,1,0,1.0,1.0,1.0,1.0,693.0
HeyRayLee_UCjY1by3wCccbvgIvFpSPIA_V0ejYx3coDs_0701_161426_161426_AA1.wav,AA1,0.09594153395347825,0.37412339942261374,0.2781818654691355,B,M,bomb,AA,1,0,1.0,1.0,0.0,1.0,701.0
HeyRayLee_UCjY1by3wCccbvgIvFpSPIA_V0ejYx3coDs_0709_162776_162776_OW1.wav,OW1,0.12003489410397128,0.2279407566024101,0.10790586249843881,AY1,P,opened,OW,1,1,1.0,1.0,0.0,1.0,709.0
HeyRayLee_UCjY1by3wCccbvgIvFpSPIA_V0ejYx3coDs_0713_164246_164246_EY1.wav,EY1,0.09999999999999432,0.1688352304744635,0.06883523047446918,P,L,pail,EY,1,1,1.0,1.0,0.0,1.0,713.0
HeyRayLee_UCjY1by3wCccbvgIvFpSPIA_V0ejYx3coDs_0716_165622_165622_UW1.wav,UW1,0.06161930315824385,0.1522767861013157,0.09065748294307185,K,L,school,UW,1,0,1.0,1.0,0.0,1.0,716.0
HeyRayLee_UCjY1by3wCccbvgIvFpSPIA_V0ejYx3coDs_0725_167322_167322_AA1.wav,AA1,0.0893425170569279,0.23985877640897504,0.15051625935204715,G,SH,gosh,AA,1,0,1.0,1.0,0.0,1.0,725.0
HeyRayLee_UCjY1by3wCccbvgIvFpSPIA_V0ejYx3coDs_0729_167812_167812_UW1.wav,UW1,0.09999999999999432,0.15000000000000568,0.05000000000001137,Y,IY1,you,UW,1,0,1.0,1.0,0.0,3.0,729.0
HeyRayLee_UCjY1by3wCccbvgIvFpSPIA_V0ejYx3coDs_0739_169902_169902_AO1.wav,AO1,0.1684744341086473,0.21253369484490195,0.04405926073625466,K,L,all,AO,1,0,1.0,1.0,0.0,1.0,739.0
HeyRayLee_UCjY1by3wCccbvgIvFpSPIA_V0ejYx3coDs_0743_171766_171766_OW1.wav,OW1,0.09011118431889201,0.24794075660242385,0.15782957228353184,S,S,so,OW,1,1,1.0,1.0,0.0,1.0,743.0
HeyRayLee_UCjY1by3wCccbvgIvFpSPIA_V0ejYx3coDs_0747_172656_172656_UW1.wav,UW1,0.12111036940068576,0.37999999999999545,0.2588896305993097,T,DH,to,UW,1,0,1.0,1.0,0.0,1.0,747.0
HeyRayLee_UCjY1by3wCccbvgIvFpSPIA_V0ejYx3coDs_0749_173076_173076_OW1.wav,OW1,0.07526986941080135,0.25,0.17473013058919865,SH,F,show,OW,1,1,1.0,4.0,0.0,5.0,749.0
HeyRayLee_UCjY1by3wCccbvgIvFpSPIA_V0ejYx3coDs_0751_173396_173396_AO1.wav,AO1,0.09718465266278202,0.15418709741739245,0.05700244475461043,SH,F,off,AO,1,0,1.0,1.0,1.0,1.0,751.0
HeyRayLee_UCjY1by3wCccbvgIvFpSPIA_V0ejYx3coDs_0753_173776_173776_OW1.wav,OW1,0.09999999999999432,0.288386787054919,0.18838678705492468,B,T,boat,OW,1,1,1.0,1.0,1.0,1.0,753.0
HeyRayLee_UCjY1by3wCccbvgIvFpSPIA_V0ejYx3coDs_0755_173946_173946_UW1.wav,UW1,0.08818221946729386,0.12721875207702432,0.03903653260973046,Y,G,you,UW,1,0,1.0,1.0,1.0,1.0,755.0
HeyRayLee_UCjY1by3wCccbvgIvFpSPIA_V0ejYx3coDs_0758_174436_174436_AA1.wav,AA1,0.07717247223642819,0.173211449600772,0.09603897736434382,W,CH,watched,AA,1,0,1.0,1.0,0.0,1.0,758.0
HeyRayLee_UCjY1by3wCccbvgIvFpSPIA_V0ejYx3coDs_0761_174956_174956_AO1.wav,AO1,0.09999999999999432,0.20526177802435508,0.10526177802436076,F,R,before,AO,1,0,1.0,1.0,0.0,1.0,761.0
HeyRayLee_UCjY1by3wCccbvgIvFpSPIA_V0ejYx3coDs_0783_180034_180034_UW1.wav,UW1,0.08353976482963003,0.17323133851759412,0.08969157368796409,N,D,noodles,UW,1,0,1.0,1.0,0.0,1.0,783.0
HeyRayLee_UCjY1by3wCccbvgIvFpSPIA_V0ejYx3coDs_0811_184244_184244_OW1.wav,OW1,0.09343546541365766,0.14587053926200774,0.05243507384835008,G,IH0,going,OW,1,1,1.0,1.0,0.0,1.0,811.0
HeyRayLee_UCjY1by3wCccbvgIvFpSPIA_V0ejYx3coDs_0814_185104_185104_OW1.wav,OW1,0.09999999999999432,0.3400000000000034,0.2400000000000091,HH,M,home,OW,1,1,1.0,1.0,0.0,1.0,814.0
HeyRayLee_UCjY1by3wCccbvgIvFpSPIA_V0ejYx3coDs_0819_186958_186958_UW1.wav,UW1,0.0841704450551518,0.14444318257346603,0.06027273751831423,S,P,super,UW,1,0,1.0,1.0,0.0,1.0,819.0
HeyRayLee_UCjY1by3wCccbvgIvFpSPIA_V0ejYx3coDs_0837_190992_190992_OW1.wav,OW1,0.12314610443089108,0.16222403315155304,0.03907792872066196,AY1,N,only,OW,1,1,1.0,1.0,0.0,2.0,837.0
HeyRayLee_UCjY1by3wCccbvgIvFpSPIA_V0ejYx3coDs_0839_191332_191332_AO1.wav,AO1,0.12439163610723056,0.20522444205555326,0.0808328059483227,W,N,wanted,AO,1,0,1.0,1.0,1.0,1.0,839.0
HeyRayLee_UCjY1by3wCccbvgIvFpSPIA_V0ejYx3coDs_0849_193293_193293_UW1.wav,UW1,0.0843737772614665,0.1764111305689611,0.0920373533074946,K,L,cool,UW,1,0,1.0,1.0,1.0,1.0,849.0
HeyRayLee_UCjY1by3wCccbvgIvFpSPIA_V0ejYx3coDs_0857_195273_195273_UW1.wav,UW1,0.09999999999999432,0.28000000000000114,0.18000000000000682,F,D,food,UW,1,0,1.0,1.0,0.0,1.0,857.0
HeyRayLee_UCjY1by3wCccbvgIvFpSPIA_V0ejYx3coDs_0866_197103_197103_EY1.wav,EY1,0.09457669767401895,0.17000000000001592,0.07542330232599696,M,D,made,EY,1,1,1.0,1.0,0.0,1.0,866.0
HeyRayLee_UCjY1by3wCccbvgIvFpSPIA_V0ejYx3coDs_0888_201426_201426_AO1.wav,AO1,0.09999999999999432,0.15262013541511915,0.052620135415124836,AY1,L,also,AO,1,0,1.0,1.0,0.0,1.0,888.0
HeyRayLee_UCjY1by3wCccbvgIvFpSPIA_V0ejYx3coDs_0894_202566_202566_OW1.wav,OW1,0.06949674466184669,0.156594162064678,0.0870974174028313,N,DH,know,OW,1,1,1.0,1.0,0.0,1.0,894.0
HeyRayLee_UCjY1by3wCccbvgIvFpSPIA_V0ejYx3coDs_0895_202706_202706_OW1.wav,OW1,0.09345900267882057,0.1772861273179535,0.08382712463913294,DH,Z,those,OW,1,1,1.0,1.0,0.0,1.0,895.0
HeyRayLee_UCjY1by3wCccbvgIvFpSPIA_V0ejYx3coDs_0896_202956_202956_UW1.wav,UW1,0.09999999999999432,0.1899999999999693,0.08999999999997499,F,D,food,UW,1,0,1.0,1.0,0.0,1.0,896.0
HeyRayLee_UCjY1by3wCccbvgIvFpSPIA_V0ejYx3coDs_0900_204802_204802_UW1.wav,UW1,0.1108928555947513,0.1797759841871046,0.06888312859235331,K,L,schools,UW,1,0,1.0,1.0,0.0,1.0,900.0
HeyRayLee_UCjY1by3wCccbvgIvFpSPIA_V0ejYx3coDs_0901_205452_205452_UW1.wav,UW1,0.08468179177972752,0.37999999999999545,0.29531820822026794,D,S,do,UW,1,0,1.0,1.0,0.0,1.0,901.0
HeyRayLee_UCjY1by3wCccbvgIvFpSPIA_V0ejYx3coDs_0907_206152_206152_OW1.wav,OW1,0.09382953760615417,0.15951136695302837,0.0656818293468742,D,N,donate,OW,1,1,1.0,1.0,1.0,1.0,907.0
HeyRayLee_UCjY1by3wCccbvgIvFpSPIA_V0ejYx3coDs_0909_206786_206786_UW1.wav,UW1,0.07884738200301823,0.29999999999998295,0.22115261799696473,F,D,food,UW,1,0,1.0,1.0,1.0,1.0,909.0
HeyRayLee_UCjY1by3wCccbvgIvFpSPIA_V0ejYx3coDs_0914_207736_207736_AA1.wav,AA1,0.09999999999999432,0.17753653405461642,0.0775365340546221,HH,L,holidays,AA,1,0,1.0,1.0,0.0,1.0,914.0
HeyRayLee_UCjY1by3wCccbvgIvFpSPIA_V0ejYx3coDs_0926_210576_210576_EY1.wav,EY1,0.08757669478423209,0.20922606611240094,0.12164937132816885,G,V,gave,EY,1,1,1.0,1.0,0.0,1.0,926.0
HeyRayLee_UCjY1by3wCccbvgIvFpSPIA_V0ejYx3coDs_0928_211394_211394_AA1.wav,AA1,0.08250648033359453,0.2176233864186032,0.13511690608500868,B,K,box,AA,1,0,1.0,1.0,0.0,1.0,928.0
HeyRayLee_UCjY1by3wCccbvgIvFpSPIA_V0ejYx3coDs_0930_212722_212722_AO1.wav,AO1,0.08032669695157016,0.14173092816871694,0.061404231217146776,CH,K,chocopie,AO,1,0,1.0,1.0,1.0,1.0,930.0
HeyRayLee_UCjY1by3wCccbvgIvFpSPIA_V0ejYx3coDs_0935_213722_213722_EY1.wav,EY1,0.09999999999999432,0.22999999999998977,0.12999999999999545,F,V,favorite,EY,1,1,1.0,1.0,0.0,1.0,935.0
HeyRayLee_UCjY1by3wCccbvgIvFpSPIA_V0ejYx3coDs_0948_216092_216092_EY1.wav,EY1,0.06795858655038256,0.2400000000000091,0.17204141344962653,D,B,day,EY,1,1,1.0,1.0,1.0,1.0,948.0
HeyRayLee_UCjY1by3wCccbvgIvFpSPIA_V0ejYx3coDs_0951_216502_216502_EY1.wav,EY1,0.10773254066644206,0.1971343415778796,0.08940180091143754,B,S,basically,EY,1,1,1.0,1.0,0.0,1.0,951.0
HeyRayLee_UCjY1by3wCccbvgIvFpSPIA_V0ejYx3coDs_0955_217382_217382_AO1.wav,AO1,0.09215015590367458,0.1599999999999966,0.06784984409632201,CH,K,chocolate,AO,1,0,1.0,1.0,0.0,1.0,955.0
HeyRayLee_UCjY1by3wCccbvgIvFpSPIA_V0ejYx3coDs_0957_217752_217752_EY1.wav,EY1,0.08515583143330059,0.21999999999999886,0.13484416856669829,K,K,cake,EY,1,1,1.0,1.0,0.0,1.0,957.0
HeyRayLee_UCjY1by3wCccbvgIvFpSPIA_V0ejYx3coDs_0960_218322_218322_AA1.wav,AA1,0.09999999999999432,0.13673985759159274,0.036739857591598424,M,R,marshmallow,AA,1,0,1.0,1.0,0.0,1.0,960.0
HeyRayLee_UCjY1by3wCccbvgIvFpSPIA_V0ejYx3coDs_0990_224472_224472_AA1.wav,AA1,0.07549715067606423,0.13931615503096398,0.06381900435489975,R,P,drop,AA,1,0,1.0,1.0,1.0,5.0,990.0
HeyRayLee_UCjY1by3wCccbvgIvFpSPIA_V0ejYx3coDs_0992_224952_224952_AO1.wav,AO1,0.11788756296109766,0.34328938699077577,0.22540182402967812,T,F,off,AO,1,0,1.0,1.0,0.0,1.0,992.0
HeyRayLee_UCjY1by3wCccbvgIvFpSPIA_V0ejYx3coDs_0996_225542_225542_UW1.wav,UW1,0.09999999999999432,0.18000000000000682,0.0800000000000125,F,D,food,UW,1,0,1.0,1.0,0.0,4.0,996.0
HeyRayLee_UCjY1by3wCccbvgIvFpSPIA_V0ejYx3coDs_1013_229522_229522_UW1.wav,UW1,0.09999999999999432,0.17926746222333162,0.0792674622233373,K,L,school,UW,1,0,1.0,1.0,0.0,1.0,1013.0
HeyRayLee_UCjY1by3wCccbvgIvFpSPIA_V0ejYx3coDs_1024_231372_231372_AO1.wav,AO1,0.11915583721286159,0.20614286498654366,0.08698702777368207,K,R,corn,AO,1,0,1.0,1.0,0.0,1.0,1024.0
HeyRayLee_UCjY1by3wCccbvgIvFpSPIA_V0ejYx3coDs_1028_232322_232322_EY1.wav,EY1,0.14195332570431288,0.2138169742838416,0.07186364857952873,AY1,EH1,am,EY,1,1,2.0,1.0,0.0,1.0,1028.0
HeyRayLee_UCjY1by3wCccbvgIvFpSPIA_V0ejYx3coDs_1031_232792_232792_AO1.wav,AO1,0.10458440616447831,0.21999999999999886,0.11541559383552055,W,K,walking,AO,1,0,1.0,1.0,1.0,1.0,1031.0
HeyRayLee_UCjY1by3wCccbvgIvFpSPIA_V0ejYx3coDs_1038_233962_233962_AA1.wav,AA1,0.09679381702485103,0.26966397628066757,0.17287015925581656,B,K,box,AA,1,0,1.0,1.0,0.0,1.0,1038.0
HeyRayLee_UCjY1by3wCccbvgIvFpSPIA_V0ejYx3coDs_1050_238296_238296_EY1.wav,EY1,0.09646873835056621,0.1932618112683359,0.09679307291776967,L,S,place,EY,1,1,1.0,1.0,0.0,1.0,1050.0
HeyRayLee_UCjY1by3wCccbvgIvFpSPIA_V0ejYx3coDs_1052_238636_238636_AA1.wav,AA1,0.08826095154703416,0.14242086335091592,0.05415991180388176,R,P,drop,AA,1,0,1.0,1.0,1.0,1.0,1052.0
HeyRayLee_UCjY1by3wCccbvgIvFpSPIA_V0ejYx3coDs_1053_238806_238806_AO1.wav,AO1,0.11243789860914928,0.19499554251301265,0.08255764390386337,P,F,off,AO,1,0,1.0,1.0,0.0,1.0,1053.0
HeyRayLee_UCjY1by3wCccbvgIvFpSPIA_V0ejYx3coDs_1054_238976_238976_EY1.wav,EY1,0.08489000771570919,0.16871713235484215,0.08382712463913296,L,S,place,EY,1,1,1.0,1.0,0.0,1.0,1054.0
HeyRayLee_UCjY1by3wCccbvgIvFpSPIA_V0ejYx3coDs_1058_239686_239686_AA1.wav,AA1,0.08687499096943513,0.14676136478570886,0.059886373816273736,R,P,dropping,AA,1,0,1.0,1.0,1.0,1.0,1058.0
HeyRayLee_UCjY1by3wCccbvgIvFpSPIA_V0ejYx3coDs_1070_241116_241116_AA1.wav,AA1,0.09999999999999432,0.15000000000000568,0.05000000000001137,W,N,want,AA,1,0,1.0,1.0,0.0,3.0,1070.0
HeyRayLee_UCjY1by3wCccbvgIvFpSPIA_V0ejYx3coDs_1079_243126_243126_AA1.wav,AA1,0.08210469965062261,0.1599999999999966,0.07789530034937397,R,P,dropped,AA,1,0,1.0,4.0,0.0,1.0,1079.0
HeyRayLee_UCjY1by3wCccbvgIvFpSPIA_V0ejYx3coDs_1080_243386_243386_AO1.wav,AO1,0.09999999999999432,0.21999999999999886,0.12000000000000455,T,F,off,AO,1,0,1.0,4.0,0.0,1.0,1080.0
HeyRayLee_UCjY1by3wCccbvgIvFpSPIA_V0ejYx3coDs_1089_246026_246026_EY1.wav,EY1,0.08554016506428641,0.20347768511214565,0.11793752004785923,S,L,say,EY,1,1,1.0,1.0,0.0,1.0,1089.0
HeyRayLee_UCjY1by3wCccbvgIvFpSPIA_V0ejYx3coDs_1099_248756_248756_UW1.wav,UW1,0.0820811623854497,0.13999999999998636,0.05791883761453666,Y,JH,huge,UW,1,0,1.0,1.0,0.0,1.0,1099.0
HeyRayLee_UCjY1by3wCccbvgIvFpSPIA_V0ejYx3coDs_1108_249936_249936_AA1.wav,AA1,0.09390826968590438,0.19999999999998863,0.10609173031408425,G,SH,gosh,AA,1,0,1.0,1.0,1.0,1.0,1108.0
HeyRayLee_UCjY1by3wCccbvgIvFpSPIA_V0ejYx3coDs_1112_250606_250606_AO1.wav,AO1,0.11385713501344948,0.2176233864186032,0.10376625140515373,N,R,minority,AO,1,0,1.0,1.0,0.0,1.0,1112.0
HeyRayLee_UCjY1by3wCccbvgIvFpSPIA_V0ejYx3coDs_1115_251526_251526_AA1.wav,AA1,0.07176661696243514,0.3100000000000023,0.23823338303756714,W,Z,was,AA,1,0,1.0,3.0,0.0,2.0,1115.0
HeyRayLee_UCjY1by3wCccbvgIvFpSPIA_V0ejYx3coDs_1120_252556_252556_AA1.wav,AA1,0.11871427869624392,0.20040260427051387,0.08168832557426996,K,L,college,AA,1,0,1.0,1.0,0.0,1.0,1120.0
HeyRayLee_UCjY1by3wCccbvgIvFpSPIA_V0ejYx3coDs_1125_253812_253812_AA1.wav,AA1,0.11295048071505165,0.17752841377039053,0.06457793305533888,K,L,college,AA,1,0,1.0,1.0,0.0,1.0,1125.0
HeyRayLee_UCjY1by3wCccbvgIvFpSPIA_V0ejYx3coDs_1139_257916_257916_AA1.wav,AA1,0.07499998555110739,0.22000000000002728,0.1450000144489199,SH,K,shock,AA,1,0,1.0,1.0,0.0,1.0,1139.0
HeyRayLee_UCjY1by3wCccbvgIvFpSPIA_V0ejYx3coDs_1155_261766_261766_AA1.wav,AA1,0.10000000000002274,0.410000000000025,0.3100000000000023,W,Z,was,AA,1,0,1.0,1.0,0.0,2.0,1155.0
HeyRayLee_UCjY1by3wCccbvgIvFpSPIA_V0ejYx3coDs_1156_262490_262490_EY1.wav,EY1,0.11070291029833376,0.26000000000004775,0.149297089701714,,ZH,asian,EY,1,1,1.0,1.0,0.0,1.0,1156.0
HeyRayLee_UCjY1by3wCccbvgIvFpSPIA_V0ejYx3coDs_1160_263400_263400_EY1.wav,EY1,0.1998697214540253,0.3299999999999841,0.1301302785459588,N,ZH,asian,EY,1,1,1.0,1.0,0.0,1.0,1160.0
HeyRayLee_UCjY1by3wCccbvgIvFpSPIA_V0ejYx3coDs_1174_266140_266140_AO1.wav,AO1,0.0957613561163758,0.18000000000000682,0.08423864388363102,L,T,lot,AO,1,0,1.0,1.0,0.0,1.0,1174.0
HeyRayLee_UCjY1by3wCccbvgIvFpSPIA_V0ejYx3coDs_1177_266670_266670_EY1.wav,EY1,0.10000000000002274,0.19328450326115457,0.09328450326113183,R,SH,racial,EY,1,1,1.0,1.0,0.0,1.0,1177.0
HeyRayLee_UCjY1by3wCccbvgIvFpSPIA_V0ejYx3coDs_1223_278034_278034_UW1.wav,UW1,0.09614771981841631,0.1448295462755212,0.04868182645710488,HH,ER0,who,UW,1,0,1.0,1.0,0.0,1.0,1223.0
HeyRayLee_UCjY1by3wCccbvgIvFpSPIA_V0ejYx3coDs_1241_281986_281986_EY1.wav,EY1,0.10000000000002274,0.17000000000001592,0.06999999999999318,K,M,came,EY,1,1,1.0,1.0,0.0,4.0,1241.0
HeyRayLee_UCjY1by3wCccbvgIvFpSPIA_V0ejYx3coDs_1250_283966_283966_AO1.wav,AO1,0.10000000000002274,0.1500000000000341,0.05000000000001137,F,R,california,AO,1,0,1.0,1.0,0.0,4.0,1250.0
HeyRayLee_UCjY1by3wCccbvgIvFpSPIA_V0ejYx3coDs_1257_285366_285366_AO1.wav,AO1,0.1008883836588864,0.1847293070016853,0.0838409233427989,W,K,walking,AO,1,0,1.0,1.0,0.0,1.0,1257.0
HeyRayLee_UCjY1by3wCccbvgIvFpSPIA_V0ejYx3coDs_1268_287046_287046_EY1.wav,EY1,0.0776022621204716,0.16182954916530387,0.08422728704483227,L,T,late,EY,1,1,1.0,1.0,1.0,1.0,1268.0
HeyRayLee_UCjY1by3wCccbvgIvFpSPIA_V0ejYx3coDs_1298_294238_294238_OW1.wav,OW1,0.09036038457206272,0.1400000000000432,0.04963961542798048,G,B,go,OW,1,1,1.0,1.0,0.0,1.0,1298.0
HeyRayLee_UCjY1by3wCccbvgIvFpSPIA_V0ejYx3coDs_1305_296018_296018_UW1.wav,UW1,0.09262540204077056,0.13927881906216152,0.04665341702139096,Y,D,you,UW,1,0,1.0,1.0,0.0,1.0,1305.0
HeyRayLee_UCjY1by3wCccbvgIvFpSPIA_V0ejYx3coDs_1306_296098_296098_OW1.wav,OW1,0.10000000000002274,0.16691356231960724,0.06691356231958451,D,N,don't,OW,1,1,1.0,1.0,1.0,1.0,1306.0
HeyRayLee_UCjY1by3wCccbvgIvFpSPIA_V0ejYx3coDs_1312_297978_297978_EY1.wav,EY1,0.10000000000002274,0.1300000000000523,0.03000000000002956,S,IH0,saying,EY,1,1,1.0,1.0,1.0,1.0,1312.0
HeyRayLee_UCjY1by3wCccbvgIvFpSPIA_V0ejYx3coDs_1335_302352_302352_OW1.wav,OW1,0.10000000000002274,0.20098417989464007,0.10098417989461733,G,T,go,OW,1,1,1.0,1.0,0.0,1.0,1335.0
HeyRayLee_UCjY1by3wCccbvgIvFpSPIA_V0ejYx3coDs_1338_302804_302804_UW1.wav,UW1,0.08310429652620098,0.1402309296136185,0.057126633087417514,K,L,school,UW,1,0,1.0,1.0,0.0,1.0,1338.0
HeyRayLee_UCjY1by3wCccbvgIvFpSPIA_V0ejYx3coDs_1341_304292_304292_UW1.wav,UW1,0.08342166671001996,0.12999999999999545,0.04657833328997549,Y,N,you,UW,1,0,1.0,1.0,0.0,1.0,1341.0
HeyRayLee_UCjY1by3wCccbvgIvFpSPIA_V0ejYx3coDs_1342_304492_304492_OW1.wav,OW1,0.06702027470258679,0.2058904281788849,0.1388701534762981,N,IH1,know,OW,1,1,1.0,1.0,0.0,1.0,1342.0
HeyRayLee_UCjY1by3wCccbvgIvFpSPIA_V0ejYx3coDs_1347_305462_305462_UW1.wav,UW1,0.10000000000002274,0.20000000000004547,0.10000000000002274,T,D,students,UW,1,0,1.0,1.0,0.0,1.0,1347.0
HeyRayLee_UCjY1by3wCccbvgIvFpSPIA_V0ejYx3coDs_1350_306282_306282_UW1.wav,UW1,0.1168538955691034,0.18673053082385468,0.06987663525475128,K,L,school,UW,1,0,1.0,1.0,0.0,1.0,1350.0
HeyRayLee_UCjY1by3wCccbvgIvFpSPIA_V0ejYx3coDs_1351_306772_306772_EY1.wav,EY1,0.09073862798984911,0.14057954555307553,0.04984091756322642,DH,P,they,EY,1,1,1.0,1.0,0.0,1.0,1351.0
HeyRayLee_UCjY1by3wCccbvgIvFpSPIA_V0ejYx3coDs_1356_307402_307402_EY1.wav,EY1,0.09447036818700186,0.13207183561773514,0.03760146743073328,S,EH1,say,EY,1,1,1.0,1.0,0.0,1.0,1356.0
HeyRayLee_UCjY1by3wCccbvgIvFpSPIA_V0ejYx3coDs_1364_308742_308742_EY1.wav,EY1,0.09643952266603033,0.15120657743028693,0.0547670547642566,DH,K,they,EY,1,1,1.0,1.0,0.0,1.0,1364.0
HeyRayLee_UCjY1by3wCccbvgIvFpSPIA_V0ejYx3coDs_1371_310712_310712_EY1.wav,EY1,0.10000000000002274,0.1380722416319424,0.03807224163191966,DH,W,they,EY,1,1,1.0,1.0,0.0,1.0,1371.0
HeyRayLee_UCjY1by3wCccbvgIvFpSPIA_V0ejYx3coDs_1381_312582_312582_EY1.wav,EY1,0.10000000000002274,0.15421672489577945,0.05421672489575671,DH,K,they,EY,1,1,1.0,1.0,0.0,1.0,1381.0
HeyRayLee_UCjY1by3wCccbvgIvFpSPIA_V0ejYx3coDs_1388_314292_314292_EY1.wav,EY1,0.08307466904784924,0.13999999999998636,0.056925330952137115,S,IH0,saying,EY,1,1,1.0,1.0,0.0,1.0,1388.0
HeyRayLee_UCjY1by3wCccbvgIvFpSPIA_V0ejYx3coDs_1395_315784_315784_UW1.wav,UW1,0.08120007542328707,0.1215060887682983,0.04030601334501123,Y,N,you,UW,1,0,1.0,1.0,0.0,1.0,1395.0
HeyRayLee_UCjY1by3wCccbvgIvFpSPIA_V0ejYx3coDs_1396_315884_315884_OW1.wav,OW1,0.08473051348518569,0.12513311775571495,0.04040260427052926,N,DH,know,OW,1,1,1.0,1.0,0.0,1.0,1396.0
HeyRayLee_UCjY1by3wCccbvgIvFpSPIA_V0ejYx3coDs_1441_324744_324744_UW1.wav,UW1,0.10000000000002274,0.18436486228755794,0.0843648622875352,T,D,students,UW,1,0,1.0,1.0,0.0,1.0,1441.0
HeyRayLee_UCjY1by3wCccbvgIvFpSPIA_V0ejYx3coDs_1457_328140_328140_UW1.wav,UW1,0.10000000000002274,0.1665685947284996,0.06656859472847687,T,D,students,UW,1,0,1.0,1.0,0.0,1.0,1457.0
HeyRayLee_UCjY1by3wCccbvgIvFpSPIA_V0ejYx3coDs_1466_330320_330320_EY1.wav,EY1,0.08645087950481785,0.20029018457032882,0.11383930506551097,S,L,say,EY,1,1,1.0,1.0,0.0,1.0,1466.0
HeyRayLee_UCjY1by3wCccbvgIvFpSPIA_V0ejYx3coDs_1476_333478_333478_EY1.wav,EY1,0.1269240955708469,0.29000000000002046,0.16307590442917355,,ZH,asians,EY,1,1,1.0,1.0,0.0,1.0,1476.0
HeyRayLee_UCjY1by3wCccbvgIvFpSPIA_V0ejYx3coDs_1599_359206_359206_OW1.wav,OW1,0.10000000000002274,0.1300000000000523,0.03000000000002956,N,L,older,OW,1,1,1.0,1.0,0.0,3.0,1599.0
HeyRayLee_UCjY1by3wCccbvgIvFpSPIA_V0ejYx3coDs_1643_366546_366546_UW1.wav,UW1,0.07588310258434289,0.22000000000002728,0.1441168974156844,L,Z,lose,UW,1,0,1.0,1.0,0.0,1.0,1643.0
HeyRayLee_UCjY1by3wCccbvgIvFpSPIA_V0ejYx3coDs_1660_372690_372690_EY1.wav,EY1,0.11871427869626501,0.22000000000002728,0.10128572130376227,,ZH,asians,EY,1,1,1.0,1.0,0.0,1.0,1660.0
HeyRayLee_UCjY1by3wCccbvgIvFpSPIA_V0ejYx3coDs_1671_375950_375950_OW1.wav,OW1,0.10000000000002274,0.17553775209729838,0.07553775209727565,AY1,L,older,OW,1,1,1.0,1.0,0.0,4.0,1671.0
HeyRayLee_UCjY1by3wCccbvgIvFpSPIA_V0ejYx3coDs_1677_377650_377650_EY1.wav,EY1,0.10000000000002274,0.2400000000000091,0.13999999999998636,R,N,brains,EY,1,1,1.0,4.0,0.0,4.0,1677.0
HeyRayLee_UCjY1by3wCccbvgIvFpSPIA_V0ejYx3coDs_1689_379470_379470_EY1.wav,EY1,0.0878266897271237,0.22836648634435533,0.14053979661723165,K,S,okay,EY,1,1,1.0,1.0,0.0,1.0,1689.0
HeyRayLee_UCjY1by3wCccbvgIvFpSPIA_V0ejYx3coDs_1711_383902_383902_UW1.wav,UW1,0.08749796270450065,0.14151988747195327,0.054021924767452614,S,P,super,UW,1,0,1.0,1.0,0.0,1.0,1711.0
HeyRayLee_UCjY1by3wCccbvgIvFpSPIA_V0ejYx3coDs_1713_384122_384122_UW1.wav,UW1,0.09300973567176955,0.12712013108049508,0.03411039540872553,S,P,super,UW,1,0,1.0,1.0,0.0,1.0,1713.0
HeyRayLee_UCjY1by3wCccbvgIvFpSPIA_V0ejYx3coDs_1728_387042_387042_EY1.wav,EY1,0.10000000000002274,0.13999999999998636,0.03999999999996362,T,K,take,EY,1,1,1.0,1.0,0.0,3.0,1728.0
HeyRayLee_UCjY1by3wCccbvgIvFpSPIA_V0ejYx3coDs_1752_398652_398652_EY1.wav,EY1,0.10255437845150084,0.160000000000025,0.05744562154852417,T,K,taking,EY,1,1,1.0,1.0,1.0,1.0,1752.0
HeyRayLee_UCjY1by3wCccbvgIvFpSPIA_V0ejYx3coDs_1770_402412_402412_EY1.wav,EY1,0.08462945062376967,0.2300000000000182,0.14537054937624852,L,AE1,ucla,EY,1,1,1.0,1.0,0.0,1.0,1770.0
HeyRayLee_UCjY1by3wCccbvgIvFpSPIA_V0ejYx3coDs_1789_405994_405994_UW1.wav,UW1,0.10000000000002274,0.160000000000025,0.060000000000002274,T,Y,into,UW,1,0,1.0,1.0,0.0,3.0,1789.0
HeyRayLee_UCjY1by3wCccbvgIvFpSPIA_V0ejYx3coDs_1793_406564_406564_EY1.wav,EY1,0.08569762922379018,0.24754262426784282,0.16184499504405264,L,S,ucla,EY,1,1,1.0,4.0,0.0,1.0,1793.0
HeyRayLee_UCjY1by3wCccbvgIvFpSPIA_V0ejYx3coDs_1821_413788_413788_OW1.wav,OW1,0.07943746080735484,0.4515884980942342,0.37215103728687937,DH,,though,OW,1,1,1.0,1.0,0.0,1.0,1821.0
HeyRayLee_UCjY1by3wCccbvgIvFpSPIA_V0ejYx3coDs_1822_414272_414272_UW1.wav,UW1,0.0894517002025807,0.13451826630487673,0.045066566102296035,Y,N,you,UW,1,0,1.0,1.0,0.0,1.0,1822.0
HeyRayLee_UCjY1by3wCccbvgIvFpSPIA_V0ejYx3coDs_1826_414782_414782_EY1.wav,EY1,0.10000000000002274,0.1403510578043186,0.040351057804295876,T,K,take,EY,1,1,1.0,1.0,0.0,1.0,1826.0
HeyRayLee_UCjY1by3wCccbvgIvFpSPIA_V0ejYx3coDs_1842_419504_419504_UW1.wav,UW1,0.09753165032497375,0.12659172019988046,0.02906006987490671,S,P,super,UW,1,0,1.0,1.0,0.0,1.0,1842.0
HeyRayLee_UCjY1by3wCccbvgIvFpSPIA_V0ejYx3coDs_1844_419854_419854_EY1.wav,EY1,0.10000000000002274,0.17861283293891103,0.0786128329388883,R,N,brainiacs,EY,1,1,1.0,1.0,0.0,3.0,1844.0
HeyRayLee_UCjY1by3wCccbvgIvFpSPIA_V0ejYx3coDs_1867_425412_425412_UW1.wav,UW1,0.10000000000002274,0.5397066077729752,0.43970660777295245,T,T,to,UW,1,0,1.0,1.0,0.0,1.0,1867.0
HeyRayLee_UCjY1by3wCccbvgIvFpSPIA_V0ejYx3coDs_1868_425602_425602_EY1.wav,EY1,0.089733352694878,0.15008888243506643,0.06035552974018843,T,K,take,EY,1,1,1.0,1.0,0.0,3.0,1868.0
HeyRayLee_UCjY1by3wCccbvgIvFpSPIA_V0ejYx3coDs_1887_429296_429296_EY1.wav,EY1,0.10000000000002274,0.26519319629993465,0.16519319629991192,R,D,grade,EY,1,1,1.0,1.0,0.0,1.0,1887.0
HeyRayLee_UCjY1by3wCccbvgIvFpSPIA_V0ejYx3coDs_1960_445530_445530_EY1.wav,EY1,0.09035632442991531,0.15999999999996817,0.06964367557005285,L,D,played,EY,1,1,1.0,1.0,0.0,5.0,1960.0
HeyRayLee_UCjY1by3wCccbvgIvFpSPIA_V0ejYx3coDs_1964_446130_446130_OW1.wav,OW1,0.10000000000002274,0.160000000000025,0.060000000000002274,R,IH0,growing,OW,1,1,1.0,1.0,0.0,1.0,1964.0
HeyRayLee_UCjY1by3wCccbvgIvFpSPIA_V0ejYx3coDs_1968_446860_446860_EY1.wav,EY1,0.12479179851295201,0.19000000000005457,0.06520820148710256,L,D,played,EY,1,1,1.0,1.0,0.0,1.0,1968.0
HeyRayLee_UCjY1by3wCccbvgIvFpSPIA_V0ejYx3coDs_1971_447530_447530_OW1.wav,OW1,0.08676866148239674,0.16246834967503843,0.07569968819264168,R,IH0,growing,OW,1,1,1.0,1.0,1.0,1.0,1971.0
HeyRayLee_UCjY1by3wCccbvgIvFpSPIA_V0ejYx3coDs_1978_449240_449240_OW1.wav,OW1,0.10000000000002274,0.20113028721534926,0.10113028721532652,R,N,grown,OW,1,1,1.0,1.0,0.0,1.0,1978.0
HeyRayLee_UCjY1by3wCccbvgIvFpSPIA_V0ejYx3coDs_1979_449440_449440_OW1.wav,OW1,0.14000000000001478,0.24412501769993358,0.1041250176999188,,L,older,OW,1,1,1.0,1.0,0.0,1.0,1979.0
HeyRayLee_UCjY1by3wCccbvgIvFpSPIA_V0ejYx3coDs_1990_452546_452546_OW1.wav,OW1,0.09112499169188962,0.17457955133264086,0.08345455964075124,DH,Z,those,OW,1,1,1.0,1.0,0.0,1.0,1990.0
HeyRayLee_UCjY1by3wCccbvgIvFpSPIA_V0ejYx3coDs_1996_454586_454586_UW1.wav,UW1,0.12820207948632523,0.47468752799479913,0.3464854485084739,R,,true,UW,1,0,1.0,1.0,0.0,1.0,1996.0
HeyRayLee_UCjY1by3wCccbvgIvFpSPIA_V0ejYx3coDs_2009_458568_458568_OW1.wav,OW1,0.08311482977746637,0.3401846786708507,0.25706984889338436,DH,Z,those,OW,1,1,1.0,4.0,0.0,5.0,2009.0
HeyRayLee_UCjY1by3wCccbvgIvFpSPIA_V0ejYx3coDs_2018_461088_461088_EY1.wav,EY1,0.10000000000002274,0.3344147904764646,0.23441479047644187,K,T,okay,EY,1,1,1.0,4.0,0.0,1.0,2018.0
HeyRayLee_UCjY1by3wCccbvgIvFpSPIA_V0ejYx3coDs_2048_467982_467982_UW1.wav,UW1,0.08999755813518313,0.13089691573690368,0.040899357601720546,S,P,super,UW,1,0,1.0,1.0,0.0,1.0,2048.0
HeyRayLee_UCjY1by3wCccbvgIvFpSPIA_V0ejYx3coDs_2056_470032_470032_OW1.wav,OW1,0.08637782584447183,0.21532671140048848,0.12894888555601663,V,K,vocal,OW,1,1,1.0,1.0,0.0,1.0,2056.0
HeyRayLee_UCjY1by3wCccbvgIvFpSPIA_V0ejYx3coDs_2104_479986_479986_OW1.wav,OW1,0.1330495135054153,0.2453433637627709,0.11229385025735561,N,L,older,OW,1,1,1.0,1.0,1.0,1.0,2104.0
HeyRayLee_UCjY1by3wCccbvgIvFpSPIA_V0ejYx3coDs_2117_483226_483226_OW1.wav,OW1,0.08653611359152603,0.16553369195517667,0.07899757836365064,DH,Z,those,OW,1,1,1.0,1.0,0.0,1.0,2117.0
HeyRayLee_UCjY1by3wCccbvgIvFpSPIA_V0ejYx3coDs_2126_484806_484806_UW1.wav,UW1,0.10000000000002274,0.35155278040268984,0.2515527804026671,T,,into,UW,1,0,1.0,1.0,0.0,1.0,2126.0
HeyRayLee_UCjY1by3wCccbvgIvFpSPIA_V0ejYx3coDs_2134_487696_487696_EY1.wav,EY1,0.10000000000002274,0.20000000000004547,0.10000000000002274,S,V,save,EY,1,1,1.0,1.0,0.0,1.0,2134.0
HeyRayLee_UCjY1by3wCccbvgIvFpSPIA_V0ejYx3coDs_2193_502052_502052_OW1.wav,OW1,0.08563513771251953,0.21305236716402845,0.1274172294515089,R,L,old,OW,1,1,1.0,1.0,0.0,1.0,2193.0
HeyRayLee_UCjY1by3wCccbvgIvFpSPIA_V0ejYx3coDs_2211_506658_506658_EY1.wav,EY1,0.09563878606087794,0.21480439073310673,0.11916560467222878,B,S,basic,EY,1,1,1.0,1.0,0.0,1.0,2211.0
HeyRayLee_UCjY1by3wCccbvgIvFpSPIA_V0ejYx3coDs_2228_511666_511666_OW1.wav,OW1,0.10000000000002274,0.20000000000004547,0.10000000000002274,G,IH0,going,OW,1,1,1.0,1.0,0.0,1.0,2228.0
HeyRayLee_UCjY1by3wCccbvgIvFpSPIA_V0ejYx3coDs_2235_513168_513168_UW1.wav,UW1,0.008218320054792111,0.20000000000004547,0.19178167994525336,Y,Z,news,UW,1,0,1.0,1.0,0.0,1.0,2235.0
HeyRayLee_UCjY1by3wCccbvgIvFpSPIA_V0ejYx3coDs_2248_515888_515888_OW1.wav,OW1,0.11915583721288275,0.22000000000002728,0.10084416278714453,HH,P,hopes,OW,1,1,1.0,1.0,0.0,4.0,2248.0
HeyRayLee_UCjY1by3wCccbvgIvFpSPIA_V0ejYx3coDs_2256_517408_517408_EY1.wav,EY1,0.10000000000002274,0.33458808341064117,0.23458808341061843,DH,L,they,EY,1,1,1.0,1.0,0.0,1.0,2256.0
HeyRayLee_UCjY1by3wCccbvgIvFpSPIA_V0ejYx3coDs_2262_518778_518778_UW1.wav,UW1,0.10000000000002274,0.2700000000000955,0.17000000000007276,T,L,too,UW,1,0,1.0,4.0,0.0,1.0,2262.0
HeyRayLee_UCjY1by3wCccbvgIvFpSPIA_V0ejYx3coDs_2299_526858_526858_OW1.wav,OW1,0.07358319101163141,0.12467979060648816,0.051096599594856754,R,IH0,growing,OW,1,1,1.0,1.0,0.0,1.0,2299.0
HeyRayLee_UCjY1by3wCccbvgIvFpSPIA_V0ejYx3coDs_2305_528768_528768_UW1.wav,UW1,0.10000000000002274,0.49620538539568687,0.39620538539566413,HH,,who,UW,1,0,1.0,1.0,0.0,1.0,2305.0
HeyRayLee_UCjY1by3wCccbvgIvFpSPIA_V0ejYx3coDs_2313_531858_531858_UW1.wav,UW1,0.08604300860864417,0.18125406375431802,0.09521105514567385,L,AH0,fluently,UW,1,0,1.0,1.0,1.0,1.0,2313.0
HeyRayLee_UCjY1by3wCccbvgIvFpSPIA_V0ejYx3coDs_2433_562368_562368_OW1.wav,OW1,0.12610226356539844,0.21899513649887672,0.09289287293347828,K,P,open,OW,1,1,1.0,1.0,0.0,1.0,2433.0
HeyRayLee_UCjY1by3wCccbvgIvFpSPIA_V0ejYx3coDs_2494_573778_573778_OW1.wav,OW1,0.09556411412324776,0.28598622441466764,0.19042211029141987,G,AH0,go,OW,1,1,1.0,1.0,0.0,1.0,2494.0
HeyRayLee_UCjY1by3wCccbvgIvFpSPIA_V0ejYx3coDs_2496_574158_574158_EY1.wav,EY1,0.10000000000002274,0.32000000000005,0.22000000000002728,W,B,away,EY,1,1,1.0,1.0,1.0,1.0,2496.0
HeyRayLee_UCjY1by3wCccbvgIvFpSPIA_V0ejYx3coDs_2506_577250_577250_OW1.wav,OW1,0.09904747765476275,0.16536404736927685,0.06631656971451409,R,IH0,growing,OW,1,1,1.0,1.0,0.0,1.0,2506.0
HeyRayLee_UCjY1by3wCccbvgIvFpSPIA_V0ejYx3coDs_2514_579548_579548_EY1.wav,EY1,0.11472401147820309,0.2825162477929138,0.16779223631471069,IY0,L,a,EY,1,1,1.0,1.0,0.0,1.0,2514.0
HeyRayLee_UCjY1by3wCccbvgIvFpSPIA_V0ejYx3coDs_2542_585508_585508_EY1.wav,EY1,0.0840705886772606,0.3007102358928122,0.21663964721555162,D,,day,EY,1,1,1.0,1.0,0.0,1.0,2542.0
HeyRayLee_UCjY1by3wCccbvgIvFpSPIA_V0ejYx3coDs_2569_591896_591896_EY1.wav,EY1,0.09282588058848647,0.2300000000000182,0.13717411941153174,DH,W,they,EY,1,1,1.0,1.0,1.0,1.0,2569.0
HeyRayLee_UCjY1by3wCccbvgIvFpSPIA_V0ejYx3coDs_2583_594546_594546_OW1.wav,OW1,0.13241680320887286,0.2100345112081106,0.07761770799923773,N,L,older,OW,1,1,1.0,1.0,0.0,1.0,2583.0
HeyRayLee_UCjY1by3wCccbvgIvFpSPIA_V0ejYx3coDs_2593_596266_596266_OW1.wav,OW1,0.07064771548372797,0.16723864099383712,0.09659092551010914,L,S,close,OW,1,1,1.0,1.0,1.0,1.0,2593.0
HeyRayLee_UCjY1by3wCccbvgIvFpSPIA_V0ejYx3coDs_2648_610772_610772_EY1.wav,EY1,0.08722604877376115,0.14276583094210457,0.05553978216834342,M,K,make,EY,1,1,1.0,1.0,0.0,1.0,2648.0
HeyRayLee_UCjY1by3wCccbvgIvFpSPIA_V0ejYx3coDs_2727_625768_625768_OW1.wav,OW1,0.09317896846384623,0.20962622851814733,0.1164472600543011,S,T,minnesota,OW,1,1,1.0,1.0,0.0,1.0,2727.0
HeyRayLee_UCjY1by3wCccbvgIvFpSPIA_V0ejYx3coDs_2892_663586_663586_OW1.wav,OW1,0.15193343678749416,0.24383280305855332,0.09189936627105916,,P,open,OW,1,1,1.0,1.0,0.0,1.0,2892.0
HeyRayLee_UCjY1by3wCccbvgIvFpSPIA_V0ejYx3coDs_3057_701540_701540_OW1.wav,OW1,0.07931247778482331,0.30011933350099257,0.22080685571616926,F,N,phone,OW,1,1,1.0,1.0,0.0,1.0,3057.0
