filename,label,start_time,end_time,duration,pre_phone,post_phone,word,vowel,stress,diph,F1_nuc,F2_nuc,F3_nuc
IsabelChen_UC92p1kGFfaj3wWr5wymfXtA_00CUlfhRTPk.wav,AA1,4.74,4.81,0.0699999999999994,N,T,not,AA,1,0,745.8513812281959,1539.952538652187,2378.9000439818533
IsabelChen_UC92p1kGFfaj3wWr5wymfXtA_00CUlfhRTPk.wav,AA1,10.378,10.408,0.02999999999999936,G,N,gonna,AA,1,0,446.93144839458756,2051.684192473529,2359.6568935388877
IsabelChen_UC92p1kGFfaj3wWr5wymfXtA_00CUlfhRTPk.wav,AA1,11.678,11.848,0.16999999999999993,M,N,montage,AA,1,0,908.5657496749053,1392.3454438710012,3109.203758743574
IsabelChen_UC92p1kGFfaj3wWr5wymfXtA_00CUlfhRTPk.wav,AA1,133.008,133.158,0.14999999999997726,N,T,not,AA,1,0,1076.979175076715,1621.3237374348655,2547.212245985386
IsabelChen_UC92p1kGFfaj3wWr5wymfXtA_00CUlfhRTPk.wav,AA1,134.048,134.078,0.030000000000001137,G,N,gonna,AA,1,0,542.7433607711703,1839.723130644868,2584.7418255227026
IsabelChen_UC92p1kGFfaj3wWr5wymfXtA_00CUlfhRTPk.wav,AA1,218.826,218.946,0.12000000000000455,P,T,potluck,AA,1,0,777.1630383994707,1533.092631415516,2475.5750950998618
IsabelChen_UC92p1kGFfaj3wWr5wymfXtA_00CUlfhRTPk.wav,AA1,243.998,244.028,0.030000000000001137,T,R,start,AA,1,0,352.89290963134954,2733.2508804811073,3128.643618947502
IsabelChen_UC92p1kGFfaj3wWr5wymfXtA_00CUlfhRTPk.wav,AA1,245.424,245.464,0.03999999999999204,T,R,start,AA,1,0,854.9212631375242,1568.0871557162438,2276.998473307165
IsabelChen_UC92p1kGFfaj3wWr5wymfXtA_00CUlfhRTPk.wav,AA1,250.164,250.284,0.12000000000000455,P,T,potluck,AA,1,0,905.1431386040962,1349.9559236073833,2824.1427533099095
IsabelChen_UC92p1kGFfaj3wWr5wymfXtA_00CUlfhRTPk.wav,AA1,253.824,253.934,0.10999999999998522,P,T,potluck,AA,1,0,963.8641185564745,1374.6844625193114,2249.039054042975
IsabelChen_UC92p1kGFfaj3wWr5wymfXtA_00CUlfhRTPk.wav,AA1,271.846,271.916,0.06999999999999318,W,N,taiwan,AA,1,0,875.9451183893552,1302.9184434290971,3108.641382619174
IsabelChen_UC92p1kGFfaj3wWr5wymfXtA_00CUlfhRTPk.wav,AA1,387.918,387.948,0.029999999999972715,G,N,gonna,AA,1,0,499.825611463773,1863.9121261094824,2293.5895561437455
IsabelChen_UC92p1kGFfaj3wWr5wymfXtA_00CUlfhRTPk.wav,AA1,395.176,395.376,0.19999999999998863,,R,our,AA,1,0,1193.0114910525322,2049.715920710351,3087.2224417798197
IsabelChen_UC92p1kGFfaj3wWr5wymfXtA_00CUlfhRTPk.wav,AA1,467.588,467.758,0.16999999999995907,ER0,N,on,AA,1,0,681.1404977129515,1467.344473197381,1808.2044896258121
IsabelChen_UC92p1kGFfaj3wWr5wymfXtA_00CUlfhRTPk.wav,AA1,469.968,470.208,0.2400000000000091,SH,P,shop,AA,1,0,893.0018652038985,1391.364218384021,2519.6364308349603
IsabelChen_UC92p1kGFfaj3wWr5wymfXtA_00CUlfhRTPk.wav,AA1,473.172,473.252,0.07999999999998408,R,M,ramen,AA,1,0,874.1735559702647,1435.2862867697975,2146.305148115603
IsabelChen_UC92p1kGFfaj3wWr5wymfXtA_00CUlfhRTPk.wav,AA1,476.432,476.532,0.0999999999999659,R,M,ramen,AA,1,0,784.4183664781386,1446.4118232763776,2734.6662154140135
IsabelChen_UC92p1kGFfaj3wWr5wymfXtA_00CUlfhRTPk.wav,AA1,479.222,479.362,0.1400000000000432,W,CH,watched,AA,1,0,876.6049559818482,1477.9962936725335,2218.1066805567502
IsabelChen_UC92p1kGFfaj3wWr5wymfXtA_00CUlfhRTPk.wav,AA1,481.268,481.328,0.060000000000002274,R,B,probably,AA,1,0,883.0016629850967,1451.91064969838,2079.8450574358876
IsabelChen_UC92p1kGFfaj3wWr5wymfXtA_00CUlfhRTPk.wav,AA1,491.346,491.446,0.10000000000002274,W,CH,watching,AA,1,0,901.4604538859458,1430.8356151093556,2848.458818152661
IsabelChen_UC92p1kGFfaj3wWr5wymfXtA_00CUlfhRTPk.wav,AA1,505.466,505.536,0.06999999999999318,G,T,got,AA,1,0,685.9395596730312,1716.6962697111016,2657.9579411699424
IsabelChen_UC92p1kGFfaj3wWr5wymfXtA_00CUlfhRTPk.wav,AA1,541.03,541.79,0.7599999999999909,HH,,hah,AA,1,0,1022.4308527769499,1838.650111932407,3151.083313372304
IsabelChen_UC92p1kGFfaj3wWr5wymfXtA_00CUlfhRTPk.wav,AA1,575.3914,575.5414,0.14999999999997726,W,CH,watching,AA,1,0,916.4047331689042,1411.9641459907277,1905.934331704668
IsabelChen_UC92p1kGFfaj3wWr5wymfXtA_00CUlfhRTPk.wav,AE1,8.248,8.618,0.370000000000001,IY1,N,and,AE,1,0,908.0540006519832,2171.408570547359,2434.3891442339213
IsabelChen_UC92p1kGFfaj3wWr5wymfXtA_00CUlfhRTPk.wav,AE1,13.118,13.158,0.03999999999999915,DH,T,that,AE,1,0,405.7533786473542,786.1301891763,1851.589684827472
IsabelChen_UC92p1kGFfaj3wWr5wymfXtA_00CUlfhRTPk.wav,AE1,13.338,13.468,0.13000000000000078,AY1,M,am,AE,1,0,576.9262644408717,1871.1073454306102,2427.1265918331737
IsabelChen_UC92p1kGFfaj3wWr5wymfXtA_00CUlfhRTPk.wav,AE1,16.584,16.754,0.1700000000000017,,F,after,AE,1,0,1015.427146321196,1807.1236070026437,2304.046534473967
IsabelChen_UC92p1kGFfaj3wWr5wymfXtA_00CUlfhRTPk.wav,AE1,18.344,18.454,0.10999999999999943,HH,V,have,AE,1,0,790.2277683394124,1719.5821854118728,1936.5975057167575
IsabelChen_UC92p1kGFfaj3wWr5wymfXtA_00CUlfhRTPk.wav,AE1,20.644,20.724,0.08000000000000185,DH,T,that,AE,1,0,761.4493638465763,1717.7136656926943,2090.6225561955675
IsabelChen_UC92p1kGFfaj3wWr5wymfXtA_00CUlfhRTPk.wav,AE1,20.814,20.954,0.14000000000000057,HH,P,happened,AE,1,0,1369.851526345271,1651.5716616470884,2632.5025631780036
IsabelChen_UC92p1kGFfaj3wWr5wymfXtA_00CUlfhRTPk.wav,AE1,23.144,23.234,0.09000000000000341,K,T,categorized,AE,1,0,934.660800659241,1784.878848941893,1801.0409517609594
IsabelChen_UC92p1kGFfaj3wWr5wymfXtA_00CUlfhRTPk.wav,AE1,25.396,25.446,0.05000000000000071,DH,T,that,AE,1,0,589.3184750388989,1814.5008991495654,2543.9031152604975
IsabelChen_UC92p1kGFfaj3wWr5wymfXtA_00CUlfhRTPk.wav,AE1,25.706,25.776,0.07000000000000028,AY1,M,am,AE,1,0,724.5861719317309,2089.850776350039,2942.9973867213675
IsabelChen_UC92p1kGFfaj3wWr5wymfXtA_00CUlfhRTPk.wav,AE1,130.414,130.714,0.30000000000001137,DH,T,that,AE,1,0,1187.976908781129,1546.2440354358566,2040.3438019416344
IsabelChen_UC92p1kGFfaj3wWr5wymfXtA_00CUlfhRTPk.wav,AE1,133.608,133.658,0.04999999999998295,DH,T,that,AE,1,0,682.0125948348962,1577.1385900265234,1914.8367931434623
IsabelChen_UC92p1kGFfaj3wWr5wymfXtA_00CUlfhRTPk.wav,AE1,137.936,138.086,0.15000000000000568,DH,T,that's,AE,1,0,891.9881238356903,1679.0948771798157,2098.2600266288805
IsabelChen_UC92p1kGFfaj3wWr5wymfXtA_00CUlfhRTPk.wav,AE1,141.44,141.51,0.06999999999999318,TH,NG,thankfully,AE,1,0,728.5928152679878,1534.1007527186705,2599.9244727174514
IsabelChen_UC92p1kGFfaj3wWr5wymfXtA_00CUlfhRTPk.wav,AE1,145.906,146.076,0.1699999999999875,T,N,and,AE,1,0,621.0952025053217,1971.0041304230858,2133.2203712837645
IsabelChen_UC92p1kGFfaj3wWr5wymfXtA_00CUlfhRTPk.wav,AE1,223.469,223.519,0.05000000000001137,DH,T,that,AE,1,0,760.1791007645772,1906.8724835091941,2658.0369349281254
IsabelChen_UC92p1kGFfaj3wWr5wymfXtA_00CUlfhRTPk.wav,AE1,223.749,223.939,0.18999999999999773,HH,V,have,AE,1,0,896.58321128549,1739.086636912589,2489.8927443821403
IsabelChen_UC92p1kGFfaj3wWr5wymfXtA_00CUlfhRTPk.wav,AE1,230.046,230.346,0.30000000000001137,P,S,past,AE,1,0,1004.5236004878982,1633.3646790629998,2230.9714063927777
IsabelChen_UC92p1kGFfaj3wWr5wymfXtA_00CUlfhRTPk.wav,AE1,230.556,230.806,0.25,,N,and,AE,1,0,657.6471405497864,2177.2483439981024,2770.940746947933
IsabelChen_UC92p1kGFfaj3wWr5wymfXtA_00CUlfhRTPk.wav,AE1,233.266,233.316,0.05000000000001137,DH,T,that,AE,1,0,605.3348779844678,1714.1818681226418,2568.7090540919185
IsabelChen_UC92p1kGFfaj3wWr5wymfXtA_00CUlfhRTPk.wav,AE1,233.576,233.816,0.2400000000000091,HH,D,had,AE,1,0,948.264127630509,1825.3388680501512,2723.9251845442004
IsabelChen_UC92p1kGFfaj3wWr5wymfXtA_00CUlfhRTPk.wav,AE1,234.756,234.846,0.09000000000000341,M,N,managed,AE,1,0,735.4248150908682,2132.697273892543,2865.6936733569332
IsabelChen_UC92p1kGFfaj3wWr5wymfXtA_00CUlfhRTPk.wav,AE1,240.692,240.812,0.12000000000000455,DH,T,that,AE,1,0,878.3058533961707,1469.9342301273125,1975.338157242218
IsabelChen_UC92p1kGFfaj3wWr5wymfXtA_00CUlfhRTPk.wav,AE1,247.234,247.274,0.03999999999999204,TH,NG,thankful,AE,1,0,503.0699714761871,1921.5838915886106,3012.1498840110726
IsabelChen_UC92p1kGFfaj3wWr5wymfXtA_00CUlfhRTPk.wav,AE1,251.234,251.284,0.04999999999998295,TH,NG,thankful,AE,1,0,366.0700641558562,2108.1104548490603,2515.3895357861006
IsabelChen_UC92p1kGFfaj3wWr5wymfXtA_00CUlfhRTPk.wav,AE1,253.564,253.724,0.1599999999999966,DH,T,that,AE,1,0,915.2718609843337,1709.0068659203505,2142.6631930777617
IsabelChen_UC92p1kGFfaj3wWr5wymfXtA_00CUlfhRTPk.wav,AE1,257.615,257.645,0.029999999999972715,IY1,N,and,AE,1,0,638.9915193031857,2175.5331018370302,2927.0351511718422
IsabelChen_UC92p1kGFfaj3wWr5wymfXtA_00CUlfhRTPk.wav,AE1,260.185,260.555,0.37000000000000455,T,N,catan,AE,1,0,1004.9887122769704,1446.8299064302712,2379.642404425526
IsabelChen_UC92p1kGFfaj3wWr5wymfXtA_00CUlfhRTPk.wav,AE1,265.61,265.78,0.16999999999995907,HH,V,have,AE,1,0,797.0938540986095,1503.56102593011,1977.840896107764
IsabelChen_UC92p1kGFfaj3wWr5wymfXtA_00CUlfhRTPk.wav,AE1,268.626,268.756,0.12999999999999545,B,K,back,AE,1,0,899.9905089308984,1696.78304834206,2400.2539073076487
IsabelChen_UC92p1kGFfaj3wWr5wymfXtA_00CUlfhRTPk.wav,AE1,370.03,370.43,0.4000000000000341,Y,M,yeah,AE,1,0,520.2513067123657,2343.2580109598575,2546.256375671812
IsabelChen_UC92p1kGFfaj3wWr5wymfXtA_00CUlfhRTPk.wav,AE1,370.59,370.79,0.20000000000004547,M,D,maddie,AE,1,0,1002.6724670137442,1769.0917734534644,3098.253819147054
IsabelChen_UC92p1kGFfaj3wWr5wymfXtA_00CUlfhRTPk.wav,AE1,373.086,373.196,0.11000000000001364,HH,P,happy,AE,1,0,1041.073189082958,1745.709309120828,2440.0896372015554
IsabelChen_UC92p1kGFfaj3wWr5wymfXtA_00CUlfhRTPk.wav,AE1,378.656,379.006,0.3499999999999659,,N,and,AE,1,0,543.5335072041157,1718.9005774494894,2204.7025236853224
IsabelChen_UC92p1kGFfaj3wWr5wymfXtA_00CUlfhRTPk.wav,AE1,380.338,380.408,0.06999999999999318,TH,NG,thankful,AE,1,0,514.4620537363462,2510.294725870786,2930.6143896615213
IsabelChen_UC92p1kGFfaj3wWr5wymfXtA_00CUlfhRTPk.wav,AE1,381.318,381.458,0.1400000000000432,HH,V,have,AE,1,0,931.639275312852,1600.0161784980503,2397.2737716610804
IsabelChen_UC92p1kGFfaj3wWr5wymfXtA_00CUlfhRTPk.wav,AE1,383.388,383.528,0.1400000000000432,B,K,back,AE,1,0,1515.3886674918006,1931.4984685710592,2730.984498959616
IsabelChen_UC92p1kGFfaj3wWr5wymfXtA_00CUlfhRTPk.wav,AE1,385.778,385.918,0.13999999999998636,N,SH,international,AE,1,0,858.3761700267316,1782.657595511978,2443.176927313599
IsabelChen_UC92p1kGFfaj3wWr5wymfXtA_00CUlfhRTPk.wav,AE1,387.498,387.548,0.05000000000001137,DH,T,that,AE,1,0,632.9066502048206,1848.1195108358206,2028.0673346582278
IsabelChen_UC92p1kGFfaj3wWr5wymfXtA_00CUlfhRTPk.wav,AE1,390.656,390.686,0.029999999999972715,ER0,N,and,AE,1,0,772.5687919760973,1896.269739701307,2323.1925301859987
IsabelChen_UC92p1kGFfaj3wWr5wymfXtA_00CUlfhRTPk.wav,AE1,391.296,391.336,0.040000000000020464,TH,NG,thankful,AE,1,0,632.6367113286743,2203.5542618799077,3168.134943734248
IsabelChen_UC92p1kGFfaj3wWr5wymfXtA_00CUlfhRTPk.wav,AE1,391.876,391.996,0.12000000000000455,DH,T,that,AE,1,0,843.9141992299417,1782.1374362822085,1875.735421946677
IsabelChen_UC92p1kGFfaj3wWr5wymfXtA_00CUlfhRTPk.wav,AE1,392.366,392.396,0.03000000000002956,HH,D,had,AE,1,0,552.1607594475865,1878.755935346074,2608.4227189099392
IsabelChen_UC92p1kGFfaj3wWr5wymfXtA_00CUlfhRTPk.wav,AE1,393.366,393.516,0.1500000000000341,K,CH,catching,AE,1,0,992.097891490686,1836.3981762753976,1967.6783708944763
IsabelChen_UC92p1kGFfaj3wWr5wymfXtA_00CUlfhRTPk.wav,AE1,466.026,466.166,0.13999999999998636,F,M,family,AE,1,0,937.2131678041467,1962.406688697572,2377.5133348192853
IsabelChen_UC92p1kGFfaj3wWr5wymfXtA_00CUlfhRTPk.wav,AE1,471.312,471.662,0.3499999999999659,,N,and,AE,1,0,590.3041213807815,1938.2471940673856,2458.417862325562
IsabelChen_UC92p1kGFfaj3wWr5wymfXtA_00CUlfhRTPk.wav,AE1,473.832,473.862,0.03000000000002956,DH,T,that,AE,1,0,621.0465511407592,1669.3006505170092,1973.818528380625
IsabelChen_UC92p1kGFfaj3wWr5wymfXtA_00CUlfhRTPk.wav,AE1,484.268,484.728,0.4600000000000364,sil,N,and,AE,1,0,571.8364493074895,2088.3410393132835,2249.2221913700246
IsabelChen_UC92p1kGFfaj3wWr5wymfXtA_00CUlfhRTPk.wav,AE1,485.368,485.658,0.29000000000002046,D,D,dad,AE,1,0,1033.5156491598782,1786.4766212558118,2227.421557904371
IsabelChen_UC92p1kGFfaj3wWr5wymfXtA_00CUlfhRTPk.wav,AE1,488.338,488.498,0.15999999999996817,HH,V,have,AE,1,0,901.5694168562634,1704.4427558369289,2590.193566393355
IsabelChen_UC92p1kGFfaj3wWr5wymfXtA_00CUlfhRTPk.wav,AE1,503.146,503.296,0.14999999999997726,P,K,packing,AE,1,0,942.8162369657758,1357.7492787076858,1909.7848706779512
IsabelChen_UC92p1kGFfaj3wWr5wymfXtA_00CUlfhRTPk.wav,AE1,503.976,504.006,0.029999999999972715,B,K,back,AE,1,0,593.848410998806,1683.9645220243838,2052.8551418446054
IsabelChen_UC92p1kGFfaj3wWr5wymfXtA_00CUlfhRTPk.wav,AE1,505.826,505.946,0.12000000000000455,B,K,backpack,AE,1,0,855.6415992299553,1817.2482029297266,2431.9664429709596
IsabelChen_UC92p1kGFfaj3wWr5wymfXtA_00CUlfhRTPk.wav,AE1,507.026,507.496,0.46999999999997044,,N,and,AE,1,0,705.6759277955564,1718.1982855573833,3010.9630370579516
IsabelChen_UC92p1kGFfaj3wWr5wymfXtA_00CUlfhRTPk.wav,AE1,525.852,526.062,0.21000000000003638,F,M,fam,AE,1,0,986.4017315968141,2070.6972537946876,2580.7622428139916
IsabelChen_UC92p1kGFfaj3wWr5wymfXtA_00CUlfhRTPk.wav,AE1,543.12,543.31,0.18999999999994088,L,S,last,AE,1,0,1216.7954428833082,1776.6467378459201,2657.766251373659
IsabelChen_UC92p1kGFfaj3wWr5wymfXtA_00CUlfhRTPk.wav,AE1,547.33,547.45,0.12000000000000455,F,M,family,AE,1,0,780.4036974678572,1860.1913663811029,2745.115590953924
IsabelChen_UC92p1kGFfaj3wWr5wymfXtA_00CUlfhRTPk.wav,AE1,551.0647,551.1347,0.06999999999993634,TH,NG,thankful,AE,1,0,747.6000382992247,2163.7662301215178,2228.445860696369
IsabelChen_UC92p1kGFfaj3wWr5wymfXtA_00CUlfhRTPk.wav,AE1,551.7147,551.8947,0.17999999999994998,AY1,M,am,AE,1,0,699.699668108977,2078.4249197451604,2894.7350545298395
IsabelChen_UC92p1kGFfaj3wWr5wymfXtA_00CUlfhRTPk.wav,AE1,552.3647,552.6147,0.25,HH,V,have,AE,1,0,1053.5368811517717,1533.7770355043804,2381.833921603109
IsabelChen_UC92p1kGFfaj3wWr5wymfXtA_00CUlfhRTPk.wav,AE1,553.8689,554.0889,0.2199999999999136,F,M,family,AE,1,0,698.1045955518205,2016.5792428180632,2769.674753198753
IsabelChen_UC92p1kGFfaj3wWr5wymfXtA_00CUlfhRTPk.wav,AE1,563.823,563.873,0.05000000000006821,TH,NG,thankful,AE,1,0,617.2377562673348,1095.6998549339705,2534.196237155685
IsabelChen_UC92p1kGFfaj3wWr5wymfXtA_00CUlfhRTPk.wav,AE1,570.7594,570.7894,0.029999999999972715,TH,NG,thankful,AE,1,0,436.873023484273,809.1323706609447,2576.990755712249
IsabelChen_UC92p1kGFfaj3wWr5wymfXtA_00CUlfhRTPk.wav,AE1,573.5914,573.8214,0.2300000000000182,Y,,yeah,AE,1,0,809.9772655203132,1365.2924665431976,2289.954375043482
IsabelChen_UC92p1kGFfaj3wWr5wymfXtA_00CUlfhRTPk.wav,AE1,574.4214,574.4614,0.04000000000007731,TH,NG,thank,AE,1,0,471.193823801277,1554.976549637917,2737.3877893159924
IsabelChen_UC92p1kGFfaj3wWr5wymfXtA_00CUlfhRTPk.wav,AH1,6.36,6.72,0.35999999999999943,,M,um,AH,1,0,805.0477537768828,1471.4154367343988,2688.3866432019827
IsabelChen_UC92p1kGFfaj3wWr5wymfXtA_00CUlfhRTPk.wav,AH1,7.02,7.08,0.0600000000000005,B,T,but,AH,1,0,545.5788822878696,1562.4174891340433,2060.1753815827083
IsabelChen_UC92p1kGFfaj3wWr5wymfXtA_00CUlfhRTPk.wav,AH1,12.468,12.568,0.09999999999999964,ZH,V,of,AH,1,0,778.8528632282461,1732.1439598813502,2263.297442963477
IsabelChen_UC92p1kGFfaj3wWr5wymfXtA_00CUlfhRTPk.wav,AH1,14.558,14.638,0.08000000000000007,K,Z,because,AH,1,0,580.2250114036367,1853.275018318919,2465.2172106154244
IsabelChen_UC92p1kGFfaj3wWr5wymfXtA_00CUlfhRTPk.wav,AH1,19.624,19.734,0.11000000000000298,N,V,of,AH,1,0,848.8455182900439,1607.5776492394984,2925.2052269690585
IsabelChen_UC92p1kGFfaj3wWr5wymfXtA_00CUlfhRTPk.wav,AH1,21.954,22.304,0.34999999999999787,,M,um,AH,1,0,748.9852449104546,1486.5438082406108,1678.592721549364
IsabelChen_UC92p1kGFfaj3wWr5wymfXtA_00CUlfhRTPk.wav,AH1,24.816,24.876,0.060000000000002274,T,V,of,AH,1,0,619.8433982152337,1655.7186054378742,2687.4216478335516
IsabelChen_UC92p1kGFfaj3wWr5wymfXtA_00CUlfhRTPk.wav,AH1,137.226,137.496,0.27000000000001023,,M,um,AH,1,0,827.6099502197129,1304.6830930798963,1701.0499025615572
IsabelChen_UC92p1kGFfaj3wWr5wymfXtA_00CUlfhRTPk.wav,AH1,140.13,140.24,0.11000000000001364,B,T,but,AH,1,0,735.6484916860005,1397.6494857265423,1877.9670200136263
IsabelChen_UC92p1kGFfaj3wWr5wymfXtA_00CUlfhRTPk.wav,AH1,145.116,145.196,0.07999999999998408,N,DH,another,AH,1,0,852.6443777043246,1831.0570763336882,3307.7007772289385
IsabelChen_UC92p1kGFfaj3wWr5wymfXtA_00CUlfhRTPk.wav,AH1,219.746,219.816,0.06999999999999318,W,N,one,AH,1,0,1007.7608624039359,1457.3100305128273,3150.7924684937148
IsabelChen_UC92p1kGFfaj3wWr5wymfXtA_00CUlfhRTPk.wav,AH1,226.139,226.559,0.4199999999999875,,M,um,AH,1,0,850.6718240671946,1386.1019458861815,3007.112752613971
IsabelChen_UC92p1kGFfaj3wWr5wymfXtA_00CUlfhRTPk.wav,AH1,227.095,227.185,0.09000000000000341,S,M,some,AH,1,0,965.6122929405942,1380.4167373026373,1993.7364641501968
IsabelChen_UC92p1kGFfaj3wWr5wymfXtA_00CUlfhRTPk.wav,AH1,239.692,239.732,0.03999999999999204,W,N,one,AH,1,0,813.0757427426058,1309.8399488175646,3154.914218247463
IsabelChen_UC92p1kGFfaj3wWr5wymfXtA_00CUlfhRTPk.wav,AH1,243.308,243.408,0.09999999999999432,B,T,but,AH,1,0,676.0697452902405,1625.3439497339125,2064.703062798795
IsabelChen_UC92p1kGFfaj3wWr5wymfXtA_00CUlfhRTPk.wav,AH1,243.478,243.508,0.030000000000001137,W,N,once,AH,1,0,652.9399151428968,1833.8939947627287,3007.6403167801204
IsabelChen_UC92p1kGFfaj3wWr5wymfXtA_00CUlfhRTPk.wav,AH1,249.424,249.504,0.07999999999998408,K,M,coming,AH,1,0,820.4340684732266,1563.252806527943,1911.2515869852957
IsabelChen_UC92p1kGFfaj3wWr5wymfXtA_00CUlfhRTPk.wav,AH1,255.185,255.435,0.25,F,N,fun,AH,1,0,885.7676418807268,1723.1994695737312,2749.284370433859
IsabelChen_UC92p1kGFfaj3wWr5wymfXtA_00CUlfhRTPk.wav,AH1,256.865,256.965,0.0999999999999659,W,Z,was,AH,1,0,472.5130264577032,1812.6098079490878,2493.0027349481284
IsabelChen_UC92p1kGFfaj3wWr5wymfXtA_00CUlfhRTPk.wav,AH1,257.985,258.075,0.08999999999997499,R,DH,brother,AH,1,0,684.3180406889778,1625.2193650890802,2635.3809276887273
IsabelChen_UC92p1kGFfaj3wWr5wymfXtA_00CUlfhRTPk.wav,AH1,272.406,272.526,0.12000000000000455,M,CH,much,AH,1,0,932.7638628327043,1690.0828434890173,2842.6186392706663
IsabelChen_UC92p1kGFfaj3wWr5wymfXtA_00CUlfhRTPk.wav,AH1,376.306,376.626,0.3199999999999932,,M,um,AH,1,0,657.2222715935827,1425.1803091304546,1800.140836834977
IsabelChen_UC92p1kGFfaj3wWr5wymfXtA_00CUlfhRTPk.wav,AH1,377.656,377.706,0.05000000000001137,K,M,coming,AH,1,0,735.2855723049853,1657.555781613048,2565.0635073235267
IsabelChen_UC92p1kGFfaj3wWr5wymfXtA_00CUlfhRTPk.wav,AH1,392.736,392.816,0.07999999999998408,M,CH,much,AH,1,0,486.69687592102287,1781.2770583980512,2561.7194055275736
IsabelChen_UC92p1kGFfaj3wWr5wymfXtA_00CUlfhRTPk.wav,AH1,393.056,393.166,0.11000000000001364,F,N,fun,AH,1,0,817.999174716563,1718.77234483611,2801.2313500021764
IsabelChen_UC92p1kGFfaj3wWr5wymfXtA_00CUlfhRTPk.wav,AH1,393.776,394.016,0.2400000000000091,NG,P,up,AH,1,0,836.5127162927087,1517.0838983575752,2162.5763403591554
IsabelChen_UC92p1kGFfaj3wWr5wymfXtA_00CUlfhRTPk.wav,AH1,398.95,399.02,0.06999999999999318,S,M,someone,AH,1,0,827.7787882344579,1481.407832879108,2354.7685667418878
IsabelChen_UC92p1kGFfaj3wWr5wymfXtA_00CUlfhRTPk.wav,AH1,402.13,402.21,0.07999999999998408,T,CH,touch,AH,1,0,638.6764143819775,1949.0269902770817,3232.0327959081837
IsabelChen_UC92p1kGFfaj3wWr5wymfXtA_00CUlfhRTPk.wav,AH1,474.602,474.802,0.20000000000004547,L,V,love,AH,1,0,827.1763337893613,1487.687474873977,2714.7339251730787
IsabelChen_UC92p1kGFfaj3wWr5wymfXtA_00CUlfhRTPk.wav,AH1,479.612,479.662,0.049999999999954525,W,N,one,AH,1,0,682.7175882316428,1395.8512476077763,2680.8228623325977
IsabelChen_UC92p1kGFfaj3wWr5wymfXtA_00CUlfhRTPk.wav,AH1,482.788,482.868,0.07999999999998408,S,S,us,AH,1,0,953.7542067382508,1505.657873442787,2501.968029411049
IsabelChen_UC92p1kGFfaj3wWr5wymfXtA_00CUlfhRTPk.wav,AH1,486.108,486.178,0.06999999999999318,R,DH,brother,AH,1,0,671.7508133527771,1629.434338352001,2395.2923992825713
IsabelChen_UC92p1kGFfaj3wWr5wymfXtA_00CUlfhRTPk.wav,AH1,489.656,489.756,0.0999999999999659,V,S,us,AH,1,0,717.2464010692391,1730.6782963722087,2696.6360342059584
IsabelChen_UC92p1kGFfaj3wWr5wymfXtA_00CUlfhRTPk.wav,AH1,489.986,490.026,0.040000000000020464,DH,L,the,AH,1,0,529.6020494271452,1141.1694833559648,2063.237876765824
IsabelChen_UC92p1kGFfaj3wWr5wymfXtA_00CUlfhRTPk.wav,AH1,495.872,495.962,0.08999999999997499,L,V,loved,AH,1,0,900.7640697710784,1518.316996568254,1774.4293683736505
IsabelChen_UC92p1kGFfaj3wWr5wymfXtA_00CUlfhRTPk.wav,AH1,497.092,497.122,0.03000000000002956,L,V,loved,AH,1,0,563.1866125905518,1369.1282670881244,2932.2102351770673
IsabelChen_UC92p1kGFfaj3wWr5wymfXtA_00CUlfhRTPk.wav,AH1,508.636,508.726,0.08999999999997499,L,G,luggage,AH,1,0,627.1535503783614,1654.0550758337902,2009.064772459174
IsabelChen_UC92p1kGFfaj3wWr5wymfXtA_00CUlfhRTPk.wav,AH1,542.97,543.03,0.05999999999994543,DH,L,the,AH,1,0,561.7233747150186,1362.8732821749875,2723.8764488646234
IsabelChen_UC92p1kGFfaj3wWr5wymfXtA_00CUlfhRTPk.wav,AH1,548.27,548.32,0.05000000000006821,B,T,but,AH,1,0,660.2258173058115,1860.1902898309831,2667.9819346869426
IsabelChen_UC92p1kGFfaj3wWr5wymfXtA_00CUlfhRTPk.wav,AH1,556.9989,557.0489,0.049999999999954525,L,V,of,AH,1,0,604.2915597223364,862.7788709430438,2303.6249193026865
IsabelChen_UC92p1kGFfaj3wWr5wymfXtA_00CUlfhRTPk.wav,AH1,558.295,558.435,0.13999999999998636,B,T,but,AH,1,0,723.3853337520633,1872.8038168588369,2456.806640605963
IsabelChen_UC92p1kGFfaj3wWr5wymfXtA_00CUlfhRTPk.wav,AH1,566.753,566.843,0.08999999999991815,B,T,but,AH,1,0,640.1871179813825,1714.9398781085476,2405.767026687033
IsabelChen_UC92p1kGFfaj3wWr5wymfXtA_00CUlfhRTPk.wav,AH1,569.5794,569.6394,0.06000000000005912,DH,L,the,AH,1,0,539.5193143530888,1411.3640388841548,2080.8761901726384
IsabelChen_UC92p1kGFfaj3wWr5wymfXtA_00CUlfhRTPk.wav,AH1,571.1294,571.3194,0.18999999999994088,L,V,of,AH,1,0,680.6771494348927,1581.3616771811191,3380.058268220156
IsabelChen_UC92p1kGFfaj3wWr5wymfXtA_00CUlfhRTPk.wav,AH1,572.2014,572.3514,0.14999999999997726,,M,um,AH,1,0,1142.5129080043232,1502.7606405283002,3042.0219664010947
IsabelChen_UC92p1kGFfaj3wWr5wymfXtA_00CUlfhRTPk.wav,AH1,575.0014,575.1014,0.10000000000002274,M,CH,much,AH,1,0,665.2950028918929,1765.712129335687,2492.857472643392
IsabelChen_UC92p1kGFfaj3wWr5wymfXtA_00CUlfhRTPk.wav,AO1,14.218,14.338,0.11999999999999922,F,R,for,AO,1,0,620.1752661245232,1172.763700688444,2813.719248011217
IsabelChen_UC92p1kGFfaj3wWr5wymfXtA_00CUlfhRTPk.wav,AO1,138.316,138.406,0.09000000000000341,L,NG,long,AO,1,0,1066.326959283033,1401.7321068417002,3710.437951558372
IsabelChen_UC92p1kGFfaj3wWr5wymfXtA_00CUlfhRTPk.wav,AO1,138.846,138.956,0.10999999999998522,T,R,story,AO,1,0,614.8292227085092,1357.6675123160378,2580.9695153284874
IsabelChen_UC92p1kGFfaj3wWr5wymfXtA_00CUlfhRTPk.wav,AO1,224.719,224.939,0.21999999999999886,L,NG,long,AO,1,0,904.9942576350534,1257.6294543730996,2265.05762049871
IsabelChen_UC92p1kGFfaj3wWr5wymfXtA_00CUlfhRTPk.wav,AO1,229.476,229.606,0.12999999999999545,F,R,before,AO,1,0,513.6156929559672,976.5449096257396,3302.2918759286235
IsabelChen_UC92p1kGFfaj3wWr5wymfXtA_00CUlfhRTPk.wav,AO1,231.776,231.926,0.14999999999997726,T,L,all,AO,1,0,738.764111203956,1023.9495384692606,3375.8253586400774
IsabelChen_UC92p1kGFfaj3wWr5wymfXtA_00CUlfhRTPk.wav,AO1,237.535,237.665,0.12999999999999545,T,K,talk,AO,1,0,673.7333178750672,1339.068333000175,2459.1754746047304
IsabelChen_UC92p1kGFfaj3wWr5wymfXtA_00CUlfhRTPk.wav,AO1,238.065,238.215,0.15000000000000568,IY0,F,often,AO,1,0,832.5702987479867,1355.5253123416144,2408.188269148012
IsabelChen_UC92p1kGFfaj3wWr5wymfXtA_00CUlfhRTPk.wav,AO1,241.292,241.422,0.12999999999999545,T,K,talk,AO,1,0,947.8170751529459,1349.7671725135624,2034.463612126189
IsabelChen_UC92p1kGFfaj3wWr5wymfXtA_00CUlfhRTPk.wav,AO1,242.032,242.152,0.11999999999997613,L,NG,long,AO,1,0,907.2856897752225,1277.7108107733975,3103.821932751025
IsabelChen_UC92p1kGFfaj3wWr5wymfXtA_00CUlfhRTPk.wav,AO1,244.438,244.468,0.030000000000001137,T,F,off,AO,1,0,402.90401725194965,2209.923943460275,2862.738645553408
IsabelChen_UC92p1kGFfaj3wWr5wymfXtA_00CUlfhRTPk.wav,AO1,246.174,246.364,0.18999999999999773,T,F,off,AO,1,0,841.8826562775989,1473.1642850477326,2521.0528230094046
IsabelChen_UC92p1kGFfaj3wWr5wymfXtA_00CUlfhRTPk.wav,AO1,247.874,247.974,0.09999999999999432,F,R,for,AO,1,0,565.3148175650488,1155.7812108850894,2822.2876368658576
IsabelChen_UC92p1kGFfaj3wWr5wymfXtA_00CUlfhRTPk.wav,AO1,250.744,250.784,0.03999999999999204,D,L,also,AO,1,0,914.4342592442781,1270.543343510702,1762.0643408800777
IsabelChen_UC92p1kGFfaj3wWr5wymfXtA_00CUlfhRTPk.wav,AO1,251.754,251.824,0.0700000000000216,F,R,for,AO,1,0,674.9887331390422,827.887821081422,2547.2495421954413
IsabelChen_UC92p1kGFfaj3wWr5wymfXtA_00CUlfhRTPk.wav,AO1,264.27,264.33,0.060000000000002274,W,R,warming,AO,1,0,621.0566665478672,930.916576200681,2001.3774129791504
IsabelChen_UC92p1kGFfaj3wWr5wymfXtA_00CUlfhRTPk.wav,AO1,270.116,270.156,0.040000000000020464,F,R,california,AO,1,0,628.1934202781799,1045.767267301198,2773.5946845888093
IsabelChen_UC92p1kGFfaj3wWr5wymfXtA_00CUlfhRTPk.wav,AO1,374.746,374.816,0.06999999999999318,Y,R,york,AO,1,0,531.9834853990359,1356.8293061601617,2868.950631946688
IsabelChen_UC92p1kGFfaj3wWr5wymfXtA_00CUlfhRTPk.wav,AO1,378.186,378.216,0.03000000000002956,Y,R,york,AO,1,0,570.9250722429955,1663.615505638047,2638.2088760437164
IsabelChen_UC92p1kGFfaj3wWr5wymfXtA_00CUlfhRTPk.wav,AO1,389.766,389.836,0.06999999999999318,L,NG,lifelong,AO,1,0,1150.2797977129724,1710.1668588524583,2854.274473281942
IsabelChen_UC92p1kGFfaj3wWr5wymfXtA_00CUlfhRTPk.wav,AO1,394.276,394.366,0.08999999999997499,T,K,talking,AO,1,0,604.4802767844501,1396.1123485802088,2672.5280697520134
IsabelChen_UC92p1kGFfaj3wWr5wymfXtA_00CUlfhRTPk.wav,AO1,396.596,396.666,0.06999999999999318,W,R,warming,AO,1,0,498.87256435278914,1115.063286155073,2403.433583025908
IsabelChen_UC92p1kGFfaj3wWr5wymfXtA_00CUlfhRTPk.wav,AO1,399.9,399.94,0.040000000000020464,F,R,california,AO,1,0,620.0836015552387,1418.2781689394308,2886.6252369069416
IsabelChen_UC92p1kGFfaj3wWr5wymfXtA_00CUlfhRTPk.wav,AO1,401.83,401.88,0.05000000000001137,N,L,always,AO,1,0,717.1475376534788,1301.4923254993291,2093.112706898167
IsabelChen_UC92p1kGFfaj3wWr5wymfXtA_00CUlfhRTPk.wav,AO1,465.516,465.576,0.060000000000002274,M,R,more,AO,1,0,649.6897887158573,939.0818579685183,2408.4821211553344
IsabelChen_UC92p1kGFfaj3wWr5wymfXtA_00CUlfhRTPk.wav,AO1,467.988,468.088,0.10000000000002274,W,K,walked,AO,1,0,953.3225399021443,1330.739597857025,2394.6349475836014
IsabelChen_UC92p1kGFfaj3wWr5wymfXtA_00CUlfhRTPk.wav,AO1,469.458,469.608,0.14999999999997726,M,L,mall,AO,1,0,1040.0402413302445,1170.645633202941,2616.0648761978264
IsabelChen_UC92p1kGFfaj3wWr5wymfXtA_00CUlfhRTPk.wav,AO1,472.062,472.142,0.07999999999998408,W,N,wanted,AO,1,0,620.3558907564542,1104.2475961506486,1818.3041036653424
IsabelChen_UC92p1kGFfaj3wWr5wymfXtA_00CUlfhRTPk.wav,AO1,488.966,489.126,0.15999999999996817,,L,all,AO,1,0,701.8301960402648,1053.2862222596411,3154.3821980455396
IsabelChen_UC92p1kGFfaj3wWr5wymfXtA_00CUlfhRTPk.wav,AO1,489.346,489.426,0.07999999999998408,F,R,four,AO,1,0,492.37079472477194,922.4594786582242,2474.5615046881594
IsabelChen_UC92p1kGFfaj3wWr5wymfXtA_00CUlfhRTPk.wav,AO1,544.42,544.52,0.10000000000002274,T,L,all,AO,1,0,580.3551470248057,1315.3404795255467,3100.985191209011
IsabelChen_UC92p1kGFfaj3wWr5wymfXtA_00CUlfhRTPk.wav,AO1,556.7889,556.9589,0.16999999999995907,T,L,all,AO,1,0,781.2307864653558,1253.277461492013,3280.7762429744043
IsabelChen_UC92p1kGFfaj3wWr5wymfXtA_00CUlfhRTPk.wav,AO1,565.493,565.663,0.16999999999995907,IY1,N,on,AO,1,0,766.9395043616387,1054.5341839137918,1528.673468316466
IsabelChen_UC92p1kGFfaj3wWr5wymfXtA_00CUlfhRTPk.wav,EH1,134.158,134.188,0.030000000000001137,AH0,F,f,EH,1,0,249.93724650948388,1728.8792940019514,3018.6890224972026
IsabelChen_UC92p1kGFfaj3wWr5wymfXtA_00CUlfhRTPk.wav,EH1,134.686,134.726,0.03999999999999204,sil,L,l,EH,1,0,1602.686664697042,2543.6506629898972,4239.776997284142
IsabelChen_UC92p1kGFfaj3wWr5wymfXtA_00CUlfhRTPk.wav,EH1,220.776,220.946,0.1699999999999875,R,N,friends,EH,1,0,944.011622453058,1844.1803267881562,2187.9109362543277
IsabelChen_UC92p1kGFfaj3wWr5wymfXtA_00CUlfhRTPk.wav,EH1,223.099,223.169,0.0700000000000216,R,N,friendship,EH,1,0,835.2808933904328,1963.5892069849504,2407.449290758567
IsabelChen_UC92p1kGFfaj3wWr5wymfXtA_00CUlfhRTPk.wav,EH1,236.265,236.425,0.160000000000025,R,N,friends,EH,1,0,1163.9494212105146,1974.0994934569894,3053.3083606543833
IsabelChen_UC92p1kGFfaj3wWr5wymfXtA_00CUlfhRTPk.wav,EH1,237.825,237.895,0.0700000000000216,V,R,very,EH,1,0,582.2462414628095,1494.4738859305296,2302.736043019323
IsabelChen_UC92p1kGFfaj3wWr5wymfXtA_00CUlfhRTPk.wav,EH1,240.282,240.452,0.1699999999999875,R,N,friends,EH,1,0,842.9945215352445,1966.0615747877532,2476.292809058797
IsabelChen_UC92p1kGFfaj3wWr5wymfXtA_00CUlfhRTPk.wav,EH1,244.118,244.148,0.030000000000001137,W,R,where,EH,1,0,391.45843651576405,2267.8388484005536,2930.4293106947143
IsabelChen_UC92p1kGFfaj3wWr5wymfXtA_00CUlfhRTPk.wav,EH1,244.348,244.378,0.029999999999972715,L,F,left,EH,1,0,429.1322792631654,1393.0949261361495,2544.7041458067697
IsabelChen_UC92p1kGFfaj3wWr5wymfXtA_00CUlfhRTPk.wav,EH1,245.624,245.664,0.03999999999999204,W,R,where,EH,1,0,541.3067237802319,1434.960026353937,2067.6382231604503
IsabelChen_UC92p1kGFfaj3wWr5wymfXtA_00CUlfhRTPk.wav,EH1,245.964,246.024,0.060000000000002274,L,F,left,EH,1,0,764.0801210803563,1576.4853944735514,2717.5947380284265
IsabelChen_UC92p1kGFfaj3wWr5wymfXtA_00CUlfhRTPk.wav,EH1,252.544,252.624,0.07999999999998408,SH,L,michelle,EH,1,0,708.713614366551,1542.0679602888424,3043.907726049631
IsabelChen_UC92p1kGFfaj3wWr5wymfXtA_00CUlfhRTPk.wav,EH1,266.16,266.24,0.07999999999998408,P,N,spent,EH,1,0,805.9861708261332,1798.2220901962205,2342.0505964806157
IsabelChen_UC92p1kGFfaj3wWr5wymfXtA_00CUlfhRTPk.wav,EH1,371.646,371.746,0.0999999999999659,B,S,best,EH,1,0,802.3952209465303,1881.897145647262,2417.259714511002
IsabelChen_UC92p1kGFfaj3wWr5wymfXtA_00CUlfhRTPk.wav,EH1,371.986,372.206,0.22000000000002728,R,N,friend,EH,1,0,651.0941118919462,1895.896741897477,3063.5927686355076
IsabelChen_UC92p1kGFfaj3wWr5wymfXtA_00CUlfhRTPk.wav,EH1,382.188,382.308,0.12000000000000455,,V,ever,EH,1,0,954.1826938991021,1873.7145956416173,3023.381810554284
IsabelChen_UC92p1kGFfaj3wWr5wymfXtA_00CUlfhRTPk.wav,EH1,390.106,390.176,0.06999999999999318,R,N,friends,EH,1,0,682.6000797454979,1774.8282719393112,2278.293883826752
IsabelChen_UC92p1kGFfaj3wWr5wymfXtA_00CUlfhRTPk.wav,EH1,396.166,396.276,0.11000000000001364,V,R,very,EH,1,0,577.4489164274746,1306.7923789500885,2459.6219254584994
IsabelChen_UC92p1kGFfaj3wWr5wymfXtA_00CUlfhRTPk.wav,EH1,398.63,398.67,0.040000000000020464,DH,R,there,EH,1,0,541.130082745019,1849.483655625322,2382.8327193890846
IsabelChen_UC92p1kGFfaj3wWr5wymfXtA_00CUlfhRTPk.wav,EH1,399.29,399.37,0.07999999999998408,DH,R,there,EH,1,0,591.1665086302843,2051.139443881554,2672.7946171840717
IsabelChen_UC92p1kGFfaj3wWr5wymfXtA_00CUlfhRTPk.wav,EH1,483.148,483.348,0.19999999999998863,DH,M,them,EH,1,0,1117.4060194730348,1863.6331808030945,2456.682981906227
IsabelChen_UC92p1kGFfaj3wWr5wymfXtA_00CUlfhRTPk.wav,EH1,509.766,509.996,0.22999999999996135,T,R,downstairs,EH,1,0,625.574817363713,2175.9110707046957,2856.5078264859535
IsabelChen_UC92p1kGFfaj3wWr5wymfXtA_00CUlfhRTPk.wav,EH1,545.93,545.97,0.04000000000007731,S,L,myself,EH,1,0,940.9101277660202,1387.5444433873888,3326.2962385642577
IsabelChen_UC92p1kGFfaj3wWr5wymfXtA_00CUlfhRTPk.wav,EH1,546.78,546.86,0.08000000000004093,S,P,except,EH,1,0,868.3549437255487,1760.945255520079,2647.4612962913557
IsabelChen_UC92p1kGFfaj3wWr5wymfXtA_00CUlfhRTPk.wav,EH1,547.86,548.06,0.1999999999999318,IY0,N,end,EH,1,0,685.7296638130374,1846.773040537564,2082.6551461537524
IsabelChen_UC92p1kGFfaj3wWr5wymfXtA_00CUlfhRTPk.wav,EH1,553.4089,553.4589,0.049999999999954525,M,N,many,EH,1,0,558.126412121094,1865.565433683962,2330.1478107352477
IsabelChen_UC92p1kGFfaj3wWr5wymfXtA_00CUlfhRTPk.wav,EH1,554.9389,554.9689,0.029999999999972715,M,N,many,EH,1,0,425.8479385759428,1638.996438574028,2462.257764542515
IsabelChen_UC92p1kGFfaj3wWr5wymfXtA_00CUlfhRTPk.wav,EH1,555.2289,555.3789,0.15000000000009095,R,N,friends,EH,1,0,943.994097634308,1741.9730783363066,2112.4993357469166
IsabelChen_UC92p1kGFfaj3wWr5wymfXtA_00CUlfhRTPk.wav,EH1,557.3489,557.4889,0.13999999999998636,R,N,friends,EH,1,0,1036.666856360172,1854.0786763518463,2391.359338458027
IsabelChen_UC92p1kGFfaj3wWr5wymfXtA_00CUlfhRTPk.wav,EH1,561.935,562.015,0.08000000000004093,CH,R,cheryl,EH,1,0,598.724606376757,1985.636275718243,2956.5206796482344
IsabelChen_UC92p1kGFfaj3wWr5wymfXtA_00CUlfhRTPk.wav,EH1,567.013,567.073,0.05999999999994543,D,F,definitely,EH,1,0,808.8028728118705,1629.1621382732271,1991.6821354551807
IsabelChen_UC92p1kGFfaj3wWr5wymfXtA_00CUlfhRTPk.wav,ER1,266.62,266.73,0.11000000000001364,F,S,first,ER,1,0,481.30921821131375,1910.7067249559598,2171.713836179504
IsabelChen_UC92p1kGFfaj3wWr5wymfXtA_00CUlfhRTPk.wav,ER1,377.126,377.236,0.11000000000001364,F,S,first,ER,1,0,507.8082673648194,1769.3837796975038,2138.0909888965175
IsabelChen_UC92p1kGFfaj3wWr5wymfXtA_00CUlfhRTPk.wav,IH1,0.15,0.22,0.07,DH,S,this,IH,1,0,544.5821669611854,1720.2411458839183,2678.153026017362
IsabelChen_UC92p1kGFfaj3wWr5wymfXtA_00CUlfhRTPk.wav,IH1,1.12,1.18,0.05999999999999983,ER0,Z,isabelle,IH,1,0,479.59203496418576,2172.8680662359393,2444.082661669421
IsabelChen_UC92p1kGFfaj3wWr5wymfXtA_00CUlfhRTPk.wav,IH1,2.9,3.24,0.3400000000000003,spn,Z,is,IH,1,0,1450.164918315709,2032.8122284743135,2710.1858674404184
IsabelChen_UC92p1kGFfaj3wWr5wymfXtA_00CUlfhRTPk.wav,IH1,3.42,3.65,0.22999999999999998,,T,it,IH,1,0,452.2838720673237,1977.4476139623007,2617.6129874984417
IsabelChen_UC92p1kGFfaj3wWr5wymfXtA_00CUlfhRTPk.wav,IH1,4.89,4.97,0.08000000000000007,R,L,really,IH,1,0,453.8663907467931,1640.5417354784818,2268.5482349568997
IsabelChen_UC92p1kGFfaj3wWr5wymfXtA_00CUlfhRTPk.wav,IH1,7.16,7.24,0.08000000000000007,DH,S,this,IH,1,0,490.0297127003081,1521.4496877993934,1903.8243286192103
IsabelChen_UC92p1kGFfaj3wWr5wymfXtA_00CUlfhRTPk.wav,IH1,9.318,9.398,0.08000000000000007,DH,S,this,IH,1,0,442.15685366597427,1940.3646297709486,2150.5434873992776
IsabelChen_UC92p1kGFfaj3wWr5wymfXtA_00CUlfhRTPk.wav,IH1,9.558,9.618,0.0600000000000005,V,D,video,IH,1,0,436.2742723228741,1799.7009679813661,2616.520591766032
IsabelChen_UC92p1kGFfaj3wWr5wymfXtA_00CUlfhRTPk.wav,IH1,11.198,11.228,0.02999999999999936,K,N,kinda,IH,1,0,1269.8410310415647,1749.7312160276954,2890.5880443356928
IsabelChen_UC92p1kGFfaj3wWr5wymfXtA_00CUlfhRTPk.wav,IH1,12.808,12.858,0.05000000000000071,TH,NG,things,IH,1,0,588.4335276063939,2322.215126841958,2494.7962018373955
IsabelChen_UC92p1kGFfaj3wWr5wymfXtA_00CUlfhRTPk.wav,IH1,15.258,15.328,0.07000000000000028,N,P,snippets,IH,1,0,624.8222437235827,1846.7644963874343,2280.6668211146334
IsabelChen_UC92p1kGFfaj3wWr5wymfXtA_00CUlfhRTPk.wav,IH1,17.614,17.664,0.05000000000000071,N,P,snippet,IH,1,0,605.4539832175085,2117.2177773847184,3088.5542167336525
IsabelChen_UC92p1kGFfaj3wWr5wymfXtA_00CUlfhRTPk.wav,IH1,22.564,22.654,0.08999999999999986,,T,it's,IH,1,0,2113.187353840631,2785.602606547481,3284.9456595599977
IsabelChen_UC92p1kGFfaj3wWr5wymfXtA_00CUlfhRTPk.wav,IH1,22.804,22.934,0.13000000000000256,K,N,kinda,IH,1,0,1150.8089441348077,1779.8212667417213,2223.4084947289925
IsabelChen_UC92p1kGFfaj3wWr5wymfXtA_00CUlfhRTPk.wav,IH1,24.056,24.306,0.25,,N,in,IH,1,0,564.5475305259066,1520.061432508518,2725.0822136008137
IsabelChen_UC92p1kGFfaj3wWr5wymfXtA_00CUlfhRTPk.wav,IH1,24.486,24.616,0.129999999999999,L,S,list,IH,1,0,535.8332900573209,1529.4285433834425,2171.7604798141606
IsabelChen_UC92p1kGFfaj3wWr5wymfXtA_00CUlfhRTPk.wav,IH1,25.046,25.126,0.08000000000000185,TH,NG,things,IH,1,0,478.28134242107865,2119.745779777012,3075.809630945948
IsabelChen_UC92p1kGFfaj3wWr5wymfXtA_00CUlfhRTPk.wav,IH1,132.018,132.078,0.060000000000002274,F,L,filming,IH,1,0,611.1191330861266,1612.8388070336125,2504.645396362817
IsabelChen_UC92p1kGFfaj3wWr5wymfXtA_00CUlfhRTPk.wav,IH1,135.096,135.246,0.15000000000000568,M,S,miss,IH,1,0,616.6604689779118,1862.5801664781577,2507.0371589047286
IsabelChen_UC92p1kGFfaj3wWr5wymfXtA_00CUlfhRTPk.wav,IH1,140.61,140.7,0.08999999999997499,M,S,missed,IH,1,0,651.0187856053403,2203.653535582864,2267.4577635100045
IsabelChen_UC92p1kGFfaj3wWr5wymfXtA_00CUlfhRTPk.wav,IH1,218.486,218.536,0.05000000000001137,G,V,thanksgiving,IH,1,0,406.19936905424066,2383.3624465284133,2645.7565931961985
IsabelChen_UC92p1kGFfaj3wWr5wymfXtA_00CUlfhRTPk.wav,IH1,219.326,219.436,0.11000000000001364,W,TH,with,IH,1,0,510.01254182097847,2021.7179916548278,2068.586781295671
IsabelChen_UC92p1kGFfaj3wWr5wymfXtA_00CUlfhRTPk.wav,IH1,222.119,222.179,0.060000000000002274,R,L,really,IH,1,0,920.6520804478903,1796.1902353250669,3261.6986092106226
IsabelChen_UC92p1kGFfaj3wWr5wymfXtA_00CUlfhRTPk.wav,IH1,224.019,224.099,0.07999999999998408,V,T,it's,IH,1,0,432.60152504245883,2243.237176562062,2261.25077145571
IsabelChen_UC92p1kGFfaj3wWr5wymfXtA_00CUlfhRTPk.wav,IH1,225.089,225.149,0.060000000000002274,HH,S,history,IH,1,0,511.5928628084042,1854.4967458878523,2274.5793180587075
IsabelChen_UC92p1kGFfaj3wWr5wymfXtA_00CUlfhRTPk.wav,IH1,227.365,227.455,0.09000000000000341,TH,NG,things,IH,1,0,567.9679587298384,2216.129416220455,2360.291996239319
IsabelChen_UC92p1kGFfaj3wWr5wymfXtA_00CUlfhRTPk.wav,IH1,228.135,228.225,0.09000000000000341,W,TH,with,IH,1,0,555.606831719381,1764.919293516459,2396.3970557049697
IsabelChen_UC92p1kGFfaj3wWr5wymfXtA_00CUlfhRTPk.wav,IH1,229.096,229.176,0.07999999999998408,HH,M,him,IH,1,0,442.9704305773276,1932.4549351553312,2218.7455704161243
IsabelChen_UC92p1kGFfaj3wWr5wymfXtA_00CUlfhRTPk.wav,IH1,232.036,232.096,0.060000000000002274,DH,S,this,IH,1,0,1839.3249709766485,2234.6446429186603,3060.5340940415085
IsabelChen_UC92p1kGFfaj3wWr5wymfXtA_00CUlfhRTPk.wav,IH1,234.566,234.626,0.060000000000002274,T,L,still,IH,1,0,609.9805869955293,1688.1355020452677,3174.5670302004132
IsabelChen_UC92p1kGFfaj3wWr5wymfXtA_00CUlfhRTPk.wav,IH1,239.332,239.402,0.06999999999999318,,T,it's,IH,1,0,496.66120267894064,1845.9215532454825,2748.1031271577285
IsabelChen_UC92p1kGFfaj3wWr5wymfXtA_00CUlfhRTPk.wav,IH1,241.582,241.672,0.09000000000000341,W,TH,with,IH,1,0,356.9489789644163,1711.6098594750038,2851.231546668382
IsabelChen_UC92p1kGFfaj3wWr5wymfXtA_00CUlfhRTPk.wav,IH1,260.935,261.085,0.14999999999997726,,T,it,IH,1,0,746.5917589666926,1462.1271563954072,2506.34377054725
IsabelChen_UC92p1kGFfaj3wWr5wymfXtA_00CUlfhRTPk.wav,IH1,267.23,267.29,0.060000000000002274,G,V,thanksgiving,IH,1,0,542.1357910008903,2228.329058648566,2758.303805245364
IsabelChen_UC92p1kGFfaj3wWr5wymfXtA_00CUlfhRTPk.wav,IH1,271.386,271.446,0.060000000000002274,M,S,miss,IH,1,0,1262.1660851215006,2193.170662141588,2797.169706245286
IsabelChen_UC92p1kGFfaj3wWr5wymfXtA_00CUlfhRTPk.wav,IH1,376.726,376.756,0.029999999999972715,M,T,it,IH,1,0,476.503903187481,1680.3904392046175,2023.613692306724
IsabelChen_UC92p1kGFfaj3wWr5wymfXtA_00CUlfhRTPk.wav,IH1,382.528,382.568,0.03999999999996362,S,N,since,IH,1,0,506.0576901524582,2016.0640902290227,3075.608489029702
IsabelChen_UC92p1kGFfaj3wWr5wymfXtA_00CUlfhRTPk.wav,IH1,383.608,383.668,0.060000000000002274,K,N,in,IH,1,0,501.8066900641044,1658.4133761009575,2574.1093765974656
IsabelChen_UC92p1kGFfaj3wWr5wymfXtA_00CUlfhRTPk.wav,IH1,384.298,384.348,0.05000000000001137,W,N,when,IH,1,0,489.1063854613188,2026.9759380506252,2888.3730212048144
IsabelChen_UC92p1kGFfaj3wWr5wymfXtA_00CUlfhRTPk.wav,IH1,386.968,387.098,0.12999999999999545,D,N,didn't,IH,1,0,1211.3040493968676,2289.2707665020894,3246.7569039976643
IsabelChen_UC92p1kGFfaj3wWr5wymfXtA_00CUlfhRTPk.wav,IH1,402.64,402.71,0.06999999999999318,W,TH,with,IH,1,0,627.1179556539271,1931.3200271185804,3132.0486497052298
IsabelChen_UC92p1kGFfaj3wWr5wymfXtA_00CUlfhRTPk.wav,IH1,470.468,470.508,0.03999999999996362,L,T,little,IH,1,0,463.4216151934082,1705.9426563448544,2462.88502949369
IsabelChen_UC92p1kGFfaj3wWr5wymfXtA_00CUlfhRTPk.wav,IH1,476.782,476.892,0.11000000000001364,N,Z,is,IH,1,0,535.6101854040394,2407.355443043165,3157.3239518126384
IsabelChen_UC92p1kGFfaj3wWr5wymfXtA_00CUlfhRTPk.wav,IH1,482.478,482.578,0.0999999999999659,,T,it's,IH,1,0,554.8429465484733,2395.525193478659,2899.7390292596765
IsabelChen_UC92p1kGFfaj3wWr5wymfXtA_00CUlfhRTPk.wav,IH1,490.136,490.176,0.03999999999996362,L,V,living,IH,1,0,644.9982947330689,1373.4620989123698,1822.7085153727128
IsabelChen_UC92p1kGFfaj3wWr5wymfXtA_00CUlfhRTPk.wav,IH1,492.236,492.326,0.09000000000003183,DH,S,this,IH,1,0,691.9896824832222,1925.1781943968926,2376.306551922412
IsabelChen_UC92p1kGFfaj3wWr5wymfXtA_00CUlfhRTPk.wav,IH1,543.93,544.01,0.08000000000004093,F,L,filmed,IH,1,0,655.4822262443589,1653.97216062454,3041.55506695858
IsabelChen_UC92p1kGFfaj3wWr5wymfXtA_00CUlfhRTPk.wav,IH1,548.57,548.67,0.09999999999990905,R,L,really,IH,1,0,542.9337334977149,2028.4390888224978,2516.960042780252
IsabelChen_UC92p1kGFfaj3wWr5wymfXtA_00CUlfhRTPk.wav,IH1,556.3289,556.3589,0.029999999999972715,D,D,didn't,IH,1,0,357.7167234653293,2039.0141817350539,2789.9760266707362
IsabelChen_UC92p1kGFfaj3wWr5wymfXtA_00CUlfhRTPk.wav,IH1,562.895,562.985,0.09000000000003183,TH,NG,think,IH,1,0,540.7671722024413,1282.3815475609558,2698.7463804080344
IsabelChen_UC92p1kGFfaj3wWr5wymfXtA_00CUlfhRTPk.wav,IH1,566.153,566.233,0.07999999999992724,G,V,thanksgiving,IH,1,0,565.6976500490595,2096.547987442426,3134.1634696677415
IsabelChen_UC92p1kGFfaj3wWr5wymfXtA_00CUlfhRTPk.wav,IH1,568.7994,568.8494,0.049999999999954525,TH,NG,think,IH,1,0,604.3180990934469,2626.442497527683,3230.4355008103435
IsabelChen_UC92p1kGFfaj3wWr5wymfXtA_00CUlfhRTPk.wav,IH1,569.7294,569.7594,0.029999999999972715,L,T,little,IH,1,0,637.9521440145854,1323.82432605881,2352.0722536251806
IsabelChen_UC92p1kGFfaj3wWr5wymfXtA_00CUlfhRTPk.wav,IH1,570.0294,570.0894,0.05999999999994543,TH,NG,things,IH,1,0,489.79333589545115,1640.988534002696,2547.8593504925993
IsabelChen_UC92p1kGFfaj3wWr5wymfXtA_00CUlfhRTPk.wav,IY1,7.738,8.248,0.5099999999999989,M,AE1,me,IY,1,0,546.2172343555062,1300.38551222511,2858.2883523095884
IsabelChen_UC92p1kGFfaj3wWr5wymfXtA_00CUlfhRTPk.wav,IY1,10.698,11.118,0.41999999999999993,B,,be,IY,1,0,456.190341249178,1380.7353139896838,2927.2835627801187
IsabelChen_UC92p1kGFfaj3wWr5wymfXtA_00CUlfhRTPk.wav,IY1,144.766,144.906,0.14000000000001478,M,AH0,me,IY,1,0,551.1052789186051,2871.117635223761,3204.181195471379
IsabelChen_UC92p1kGFfaj3wWr5wymfXtA_00CUlfhRTPk.wav,IY1,223.599,223.659,0.060000000000002274,W,HH,we,IY,1,0,391.08527639265765,1718.7040337155915,2430.3756540777717
IsabelChen_UC92p1kGFfaj3wWr5wymfXtA_00CUlfhRTPk.wav,IY1,233.416,233.496,0.0800000000000125,W,HH,we,IY,1,0,474.137450914347,2677.5249638380074,2810.9184873588456
IsabelChen_UC92p1kGFfaj3wWr5wymfXtA_00CUlfhRTPk.wav,IY1,234.326,234.416,0.09000000000000341,W,S,we,IY,1,0,313.7911759084829,1301.3356318153621,2710.672894737107
IsabelChen_UC92p1kGFfaj3wWr5wymfXtA_00CUlfhRTPk.wav,IY1,235.606,235.756,0.15000000000000568,B,,be,IY,1,0,389.3114755046032,2104.292086680358,3227.8813883411804
IsabelChen_UC92p1kGFfaj3wWr5wymfXtA_00CUlfhRTPk.wav,IY1,236.735,236.815,0.07999999999998408,D,V,even,IY,1,0,543.7003418346058,2965.271252530251,3358.4318354717498
IsabelChen_UC92p1kGFfaj3wWr5wymfXtA_00CUlfhRTPk.wav,IY1,237.105,237.155,0.05000000000001137,W,D,we,IY,1,0,504.47605458294856,1970.7052593145356,2600.463037114438
IsabelChen_UC92p1kGFfaj3wWr5wymfXtA_00CUlfhRTPk.wav,IY1,256.085,256.205,0.12000000000000455,,V,even,IY,1,0,403.6906827251389,1796.0134285247007,2747.016172865096
IsabelChen_UC92p1kGFfaj3wWr5wymfXtA_00CUlfhRTPk.wav,IY1,257.435,257.615,0.18000000000000682,M,AE1,me,IY,1,0,496.1026350670636,2404.378110195367,2754.8407992020384
IsabelChen_UC92p1kGFfaj3wWr5wymfXtA_00CUlfhRTPk.wav,IY1,269.026,269.106,0.07999999999998408,HH,R,here,IY,1,0,521.2584921786452,2245.014460800227,2702.236684682905
IsabelChen_UC92p1kGFfaj3wWr5wymfXtA_00CUlfhRTPk.wav,IY1,270.796,270.936,0.13999999999998636,,V,even,IY,1,0,438.8068327162721,1374.8834233243765,3089.897708117825
IsabelChen_UC92p1kGFfaj3wWr5wymfXtA_00CUlfhRTPk.wav,IY1,373.586,373.676,0.08999999999997499,S,HH,see,IY,1,0,370.3005984180174,1849.8293764805258,2635.6860309532944
IsabelChen_UC92p1kGFfaj3wWr5wymfXtA_00CUlfhRTPk.wav,IY1,374.046,374.106,0.060000000000002274,SH,K,she,IY,1,0,444.8417337652189,2687.9276192414272,3354.336539929741
IsabelChen_UC92p1kGFfaj3wWr5wymfXtA_00CUlfhRTPk.wav,IY1,375.096,375.216,0.12000000000000455,R,S,recently,IY,1,0,385.5011208209739,2372.648844702935,2904.706797153628
IsabelChen_UC92p1kGFfaj3wWr5wymfXtA_00CUlfhRTPk.wav,IY1,384.508,384.578,0.06999999999999318,SH,K,she,IY,1,0,480.64267816266647,2541.9589826884517,3085.922071277276
IsabelChen_UC92p1kGFfaj3wWr5wymfXtA_00CUlfhRTPk.wav,IY1,388.148,388.468,0.3199999999999932,B,L,be,IY,1,0,400.9174415608883,858.0556932954768,2728.1985220551487
IsabelChen_UC92p1kGFfaj3wWr5wymfXtA_00CUlfhRTPk.wav,IY1,392.266,392.306,0.03999999999996362,W,HH,we,IY,1,0,433.847450330848,2281.2179285226766,2736.6938004097547
IsabelChen_UC92p1kGFfaj3wWr5wymfXtA_00CUlfhRTPk.wav,IY1,476.022,476.132,0.11000000000001364,M,S,miso,IY,1,0,458.12058813787183,905.3822816776095,2981.4136051679775
IsabelChen_UC92p1kGFfaj3wWr5wymfXtA_00CUlfhRTPk.wav,IY1,478.032,478.082,0.05000000000001137,R,K,freaking,IY,1,0,641.5143736170133,1332.886893159058,2057.3455313814784
IsabelChen_UC92p1kGFfaj3wWr5wymfXtA_00CUlfhRTPk.wav,IY1,478.752,478.842,0.08999999999997499,W,L,we,IY,1,0,439.1550013327768,1879.3663083622664,2624.5358455773367
IsabelChen_UC92p1kGFfaj3wWr5wymfXtA_00CUlfhRTPk.wav,IY1,555.7089,555.8289,0.12000000000000455,M,N,mean,IY,1,0,431.04459312146747,1031.0908616949464,3056.30916674011
IsabelChen_UC92p1kGFfaj3wWr5wymfXtA_00CUlfhRTPk.wav,IY1,556.5389,556.6789,0.13999999999998636,M,T,meet,IY,1,0,506.9386577754256,2914.4141431131948,3279.3812119869344
IsabelChen_UC92p1kGFfaj3wWr5wymfXtA_00CUlfhRTPk.wav,IY1,561.295,561.585,0.2900000000000773,T,N,christine,IY,1,0,553.8734121760966,1236.7143554112367,2954.1008684376457
IsabelChen_UC92p1kGFfaj3wWr5wymfXtA_00CUlfhRTPk.wav,IY1,563.503,563.543,0.03999999999996362,B,IH0,being,IY,1,0,525.9793839689476,2751.7251137010217,3038.1880925081273
IsabelChen_UC92p1kGFfaj3wWr5wymfXtA_00CUlfhRTPk.wav,IY1,565.123,565.493,0.37000000000000455,B,AO1,be,IY,1,0,395.5580534770032,1350.457925705767,2788.7640357349446
IsabelChen_UC92p1kGFfaj3wWr5wymfXtA_00CUlfhRTPk.wav,IY1,570.5694,570.6794,0.11000000000001364,B,TH,be,IY,1,0,504.01887445212907,2802.697049592354,3207.6833963048693
IsabelChen_UC92p1kGFfaj3wWr5wymfXtA_00CUlfhRTPk.wav,UH1,5.55,5.67,0.1200000000000001,SH,R,sure,UH,1,0,538.3379203833504,2025.9681958581473,2971.842650004626
IsabelChen_UC92p1kGFfaj3wWr5wymfXtA_00CUlfhRTPk.wav,UH1,478.422,478.692,0.2699999999999818,G,D,good,UH,1,0,738.3176355208174,2058.1579731083107,2972.5735992232608
IsabelChen_UC92p1kGFfaj3wWr5wymfXtA_00CUlfhRTPk.wav,UH1,564.583,564.693,0.11000000000001364,SH,D,should,UH,1,0,501.94943731072607,2032.585715518175,2682.6065950200373
IsabelChen_UC92p1kGFfaj3wWr5wymfXtA_00CUlfhRTPk.wav,UW1,0.71,0.77,0.06000000000000005,Y,CH,future,UW,1,0,335.00224225153454,2489.4575867419,3094.7469305569966
IsabelChen_UC92p1kGFfaj3wWr5wymfXtA_00CUlfhRTPk.wav,UW1,3.74,4.24,0.5,Y,CH,future,UW,1,0,810.7169099654722,1987.450158622237,2413.2197212346496
IsabelChen_UC92p1kGFfaj3wWr5wymfXtA_00CUlfhRTPk.wav,UW1,27.086,27.126,0.0400000000000027,Y,G,you,UW,1,0,356.5098923685324,1962.9662270912982,2646.3531838351237
IsabelChen_UC92p1kGFfaj3wWr5wymfXtA_00CUlfhRTPk.wav,UW1,143.33,143.68,0.3499999999999943,T,,to,UW,1,0,336.55169659945983,1767.7598787442082,2706.664060426618
IsabelChen_UC92p1kGFfaj3wWr5wymfXtA_00CUlfhRTPk.wav,UW1,147.316,147.546,0.22999999999998977,T,ER0,to,UW,1,0,346.92001442680646,1671.6257910554493,2671.356559557186
IsabelChen_UC92p1kGFfaj3wWr5wymfXtA_00CUlfhRTPk.wav,UW1,220.516,220.556,0.040000000000020464,K,L,school,UW,1,0,497.72685545529646,1014.0813132934476,3341.877472258248
IsabelChen_UC92p1kGFfaj3wWr5wymfXtA_00CUlfhRTPk.wav,UW1,227.935,228.075,0.13999999999998636,D,W,do,UW,1,0,407.93670325531326,1885.1641225000985,2777.270323905599
IsabelChen_UC92p1kGFfaj3wWr5wymfXtA_00CUlfhRTPk.wav,UW1,235.316,235.536,0.21999999999999886,T,B,to,UW,1,0,376.907787261003,2028.3550785946206,2691.5029162188753
IsabelChen_UC92p1kGFfaj3wWr5wymfXtA_00CUlfhRTPk.wav,UW1,240.942,240.972,0.030000000000001137,Y,D,you,UW,1,0,395.5058196722441,2259.4253874328574,2656.5589742099814
IsabelChen_UC92p1kGFfaj3wWr5wymfXtA_00CUlfhRTPk.wav,UW1,243.628,243.658,0.030000000000001137,Y,D,you,UW,1,0,458.5949853749129,1670.2537997966235,2319.8517111354713
IsabelChen_UC92p1kGFfaj3wWr5wymfXtA_00CUlfhRTPk.wav,UW1,243.688,243.718,0.030000000000001137,D,Y,do,UW,1,0,639.2931206240152,1196.0579713077886,2894.89136575341
IsabelChen_UC92p1kGFfaj3wWr5wymfXtA_00CUlfhRTPk.wav,UW1,243.748,243.778,0.030000000000001137,Y,JH,you,UW,1,0,561.4449623851684,1754.5511847213322,2198.2688410651913
IsabelChen_UC92p1kGFfaj3wWr5wymfXtA_00CUlfhRTPk.wav,UW1,244.258,244.318,0.060000000000002274,Y,L,you,UW,1,0,500.005664241355,1933.6232395145676,2806.012116877485
IsabelChen_UC92p1kGFfaj3wWr5wymfXtA_00CUlfhRTPk.wav,UW1,244.528,244.558,0.030000000000001137,D,Y,do,UW,1,0,396.4518352481623,2027.8313687596255,2889.728610056047
IsabelChen_UC92p1kGFfaj3wWr5wymfXtA_00CUlfhRTPk.wav,UW1,244.588,244.618,0.030000000000001137,Y,JH,you,UW,1,0,406.2731863958618,2055.362624572798,2720.7806579821295
IsabelChen_UC92p1kGFfaj3wWr5wymfXtA_00CUlfhRTPk.wav,UW1,245.864,245.914,0.04999999999998295,Y,L,you,UW,1,0,459.29122808539483,1871.130857700451,2593.892224369649
IsabelChen_UC92p1kGFfaj3wWr5wymfXtA_00CUlfhRTPk.wav,UW1,264.8,265.07,0.2699999999999818,T,,to,UW,1,0,467.4246716084562,2153.870655215199,2559.6516347491297
IsabelChen_UC92p1kGFfaj3wWr5wymfXtA_00CUlfhRTPk.wav,UW1,374.636,374.676,0.03999999999996362,Y,Y,new,UW,1,0,541.5129553835103,2614.969191630393,2961.1660051500744
IsabelChen_UC92p1kGFfaj3wWr5wymfXtA_00CUlfhRTPk.wav,UW1,378.026,378.056,0.029999999999972715,Y,Y,new,UW,1,0,589.538252399312,2642.96172554225,3152.8887317136314
IsabelChen_UC92p1kGFfaj3wWr5wymfXtA_00CUlfhRTPk.wav,UW1,383.078,383.168,0.09000000000003183,K,L,school,UW,1,0,461.3060069762677,1147.175826753347,3269.4680770207638
IsabelChen_UC92p1kGFfaj3wWr5wymfXtA_00CUlfhRTPk.wav,UW1,386.288,386.398,0.11000000000001364,K,L,school,UW,1,0,449.95303689647636,942.6872405968713,3423.655485176949
IsabelChen_UC92p1kGFfaj3wWr5wymfXtA_00CUlfhRTPk.wav,UW1,397.186,397.446,0.26000000000004775,T,,to,UW,1,0,433.9710530640433,2062.715734422784,2545.3969030515655
IsabelChen_UC92p1kGFfaj3wWr5wymfXtA_00CUlfhRTPk.wav,UW1,401.64,401.67,0.03000000000002956,Y,K,you,UW,1,0,378.81924079571405,2759.656847080693,3116.397022904803
IsabelChen_UC92p1kGFfaj3wWr5wymfXtA_00CUlfhRTPk.wav,UW1,468.868,469.108,0.2400000000000091,T,G,to,UW,1,0,366.3366767226844,2081.062903306207,2496.36120965971
IsabelChen_UC92p1kGFfaj3wWr5wymfXtA_00CUlfhRTPk.wav,UW1,472.702,472.772,0.06999999999999318,T,DH,to,UW,1,0,468.92697785742916,1767.7584300095566,2489.802495629185
IsabelChen_UC92p1kGFfaj3wWr5wymfXtA_00CUlfhRTPk.wav,UW1,474.352,474.382,0.03000000000002956,L,T,absolutely,UW,1,0,464.3454701948195,1347.0821042616851,3303.30818342844
IsabelChen_UC92p1kGFfaj3wWr5wymfXtA_00CUlfhRTPk.wav,UW1,480.462,480.562,0.10000000000002274,M,V,movies,UW,1,0,466.77436134486385,1825.7217012551048,2500.555096186686
IsabelChen_UC92p1kGFfaj3wWr5wymfXtA_00CUlfhRTPk.wav,UW1,482.108,482.188,0.07999999999998408,M,V,movie,UW,1,0,425.0524893194197,1842.4739784185056,2538.7727459910784
IsabelChen_UC92p1kGFfaj3wWr5wymfXtA_00CUlfhRTPk.wav,UW1,490.506,490.676,0.17000000000001592,R,M,room,UW,1,0,522.7771989225713,1439.3716480524592,2440.1583359875026
IsabelChen_UC92p1kGFfaj3wWr5wymfXtA_00CUlfhRTPk.wav,UW1,493.036,493.146,0.11000000000001364,Y,T,beautiful,UW,1,0,411.52365992733553,1550.7268925407395,2300.705904901258
IsabelChen_UC92p1kGFfaj3wWr5wymfXtA_00CUlfhRTPk.wav,UW1,493.586,493.616,0.029999999999972715,Y,T,beautiful,UW,1,0,386.6693851020084,2277.4420079855377,2673.756588118618
IsabelChen_UC92p1kGFfaj3wWr5wymfXtA_00CUlfhRTPk.wav,UW1,493.956,494.056,0.0999999999999659,M,V,movie,UW,1,0,486.04061008482944,1681.3372370973673,2715.083797667702
IsabelChen_UC92p1kGFfaj3wWr5wymfXtA_00CUlfhRTPk.wav,UW1,496.852,496.952,0.10000000000002274,L,T,absolutely,UW,1,0,475.78628915133964,1423.0561402472927,3135.5186354739344
IsabelChen_UC92p1kGFfaj3wWr5wymfXtA_00CUlfhRTPk.wav,UW1,559.535,560.005,0.4700000000000273,T,,to,UW,1,0,480.7897359909367,1600.8177497591482,2493.933248728174
IsabelChen_UC92p1kGFfaj3wWr5wymfXtA_00CUlfhRTPk.wav,UW1,574.6714,574.7314,0.06000000000005912,Y,S,you,UW,1,0,352.21524085663816,1930.3140791163562,2845.8961641204573
IsabelChen_UC92p1kGFfaj3wWr5wymfXtA_00CUlfhRTPk.wav,AW1,263.63,263.8,0.17000000000001592,HH,L,how,AW,1,1,906.1548515840486,1136.7536725608263,1915.1010022087487
IsabelChen_UC92p1kGFfaj3wWr5wymfXtA_00CUlfhRTPk.wav,AW1,394.726,394.976,0.25,B,T,about,AW,1,1,765.3385455222002,1480.7745473777666,2281.4386516494965
IsabelChen_UC92p1kGFfaj3wWr5wymfXtA_00CUlfhRTPk.wav,AW1,468.388,468.608,0.22000000000002728,ER0,N,around,AW,1,1,958.651727926033,1655.7997164352778,2456.278318489373
IsabelChen_UC92p1kGFfaj3wWr5wymfXtA_00CUlfhRTPk.wav,AW1,504.396,504.776,0.37999999999999545,N,,now,AW,1,1,192.85216123886795,1612.7460763763881,3321.2085260209114
IsabelChen_UC92p1kGFfaj3wWr5wymfXtA_00CUlfhRTPk.wav,AW1,509.256,509.406,0.1500000000000341,D,N,downstairs,AW,1,1,845.1936114697154,1705.9812620297328,2714.4403267838775
IsabelChen_UC92p1kGFfaj3wWr5wymfXtA_00CUlfhRTPk.wav,AW1,550.5447,550.8747,0.32999999999992724,HH,,how,AW,1,1,648.1796886665732,948.8207259456703,1579.6392617753693
IsabelChen_UC92p1kGFfaj3wWr5wymfXtA_00CUlfhRTPk.wav,AW1,569.1194,569.3094,0.18999999999994088,B,T,about,AW,1,1,771.2299561713053,1549.986030969698,2180.529744970174
IsabelChen_UC92p1kGFfaj3wWr5wymfXtA_00CUlfhRTPk.wav,AY1,4.55,4.66,0.11000000000000032,ER0,M,i'm,AY,1,1,1390.8601146834621,1817.6110374416648,2219.005148146128
IsabelChen_UC92p1kGFfaj3wWr5wymfXtA_00CUlfhRTPk.wav,AY1,11.358,11.418,0.05999999999999872,L,K,like,AY,1,1,790.5290494187852,1133.691744091941,1720.343311304831
IsabelChen_UC92p1kGFfaj3wWr5wymfXtA_00CUlfhRTPk.wav,AY1,13.188,13.338,0.14999999999999858,T,AE1,i,AY,1,1,826.334702855189,1989.0011537069743,2775.444986250109
IsabelChen_UC92p1kGFfaj3wWr5wymfXtA_00CUlfhRTPk.wav,AY1,14.848,14.918,0.06999999999999851,L,K,like,AY,1,1,537.6812338800326,1782.4643911178498,2278.573251892913
IsabelChen_UC92p1kGFfaj3wWr5wymfXtA_00CUlfhRTPk.wav,AY1,18.094,18.234,0.14000000000000057,T,HH,i,AY,1,1,959.3156958725062,1799.3711221406395,2056.2934798450497
IsabelChen_UC92p1kGFfaj3wWr5wymfXtA_00CUlfhRTPk.wav,AY1,19.854,19.914,0.060000000000002274,L,K,like,AY,1,1,620.2543783766424,1764.3097244857108,2834.062007829251
IsabelChen_UC92p1kGFfaj3wWr5wymfXtA_00CUlfhRTPk.wav,AY1,25.476,25.706,0.23000000000000043,T,AE1,i,AY,1,1,885.7308358248047,1963.6043243947395,2622.81684281533
IsabelChen_UC92p1kGFfaj3wWr5wymfXtA_00CUlfhRTPk.wav,AY1,26.606,26.826,0.21999999999999886,,HH,i,AY,1,1,1197.1474585473104,1844.916250778396,2668.325812135051
IsabelChen_UC92p1kGFfaj3wWr5wymfXtA_00CUlfhRTPk.wav,AY1,27.186,27.286,0.10000000000000142,G,Z,guys,AY,1,1,622.8940408047612,1947.8597151491094,2536.316427390638
IsabelChen_UC92p1kGFfaj3wWr5wymfXtA_00CUlfhRTPk.wav,AY1,131.428,131.518,0.09000000000000341,T,M,time,AY,1,1,1073.1482875675044,1777.2587066776846,3083.245717521709
IsabelChen_UC92p1kGFfaj3wWr5wymfXtA_00CUlfhRTPk.wav,AY1,131.598,131.708,0.10999999999998522,M,W,i,AY,1,1,835.4365596382604,1599.8013656397638,2102.302644522205
IsabelChen_UC92p1kGFfaj3wWr5wymfXtA_00CUlfhRTPk.wav,AY1,132.598,132.748,0.14999999999997726,,D,i,AY,1,1,1195.6361366814601,1693.2203590644795,2514.068471649148
IsabelChen_UC92p1kGFfaj3wWr5wymfXtA_00CUlfhRTPk.wav,AY1,133.708,133.778,0.06999999999999318,T,W,i,AY,1,1,707.9891948607767,1984.6543910629673,2426.250732714547
IsabelChen_UC92p1kGFfaj3wWr5wymfXtA_00CUlfhRTPk.wav,AY1,135.626,135.966,0.3400000000000034,M,,my,AY,1,1,1146.6344813745193,1671.552747029183,2642.0904940998325
IsabelChen_UC92p1kGFfaj3wWr5wymfXtA_00CUlfhRTPk.wav,AY1,136.266,136.496,0.2300000000000182,L,T,flight,AY,1,1,812.1681749541166,2076.4943936399404,2640.1630930437864
IsabelChen_UC92p1kGFfaj3wWr5wymfXtA_00CUlfhRTPk.wav,AY1,140.37,140.54,0.1699999999999875,,M,i,AY,1,1,1095.9265967390288,1782.7614191519592,2396.6029863251933
IsabelChen_UC92p1kGFfaj3wWr5wymfXtA_00CUlfhRTPk.wav,AY1,140.87,140.98,0.10999999999998522,M,F,my,AY,1,1,632.5322644291875,1490.6549231137662,2184.1721803517385
IsabelChen_UC92p1kGFfaj3wWr5wymfXtA_00CUlfhRTPk.wav,AY1,141.14,141.31,0.17000000000001592,L,T,flight,AY,1,1,774.634653450701,1785.3531356501746,2485.965937462191
IsabelChen_UC92p1kGFfaj3wWr5wymfXtA_00CUlfhRTPk.wav,AY1,142.28,142.41,0.12999999999999545,N,T,united,AY,1,1,700.6761691628113,1974.229906583876,2315.5646020558074
IsabelChen_UC92p1kGFfaj3wWr5wymfXtA_00CUlfhRTPk.wav,AY1,144.456,144.646,0.18999999999999773,S,N,sign,AY,1,1,841.9255637921474,1771.3193156243142,2012.234070954068
IsabelChen_UC92p1kGFfaj3wWr5wymfXtA_00CUlfhRTPk.wav,AY1,145.506,145.806,0.30000000000001137,L,T,flight,AY,1,1,850.1949467282419,2216.232048576439,2362.7573721531276
IsabelChen_UC92p1kGFfaj3wWr5wymfXtA_00CUlfhRTPk.wav,AY1,146.406,146.536,0.12999999999999545,D,W,i,AY,1,1,1141.3586957978478,1667.7247867278015,2579.0293095511
IsabelChen_UC92p1kGFfaj3wWr5wymfXtA_00CUlfhRTPk.wav,AY1,147.646,147.866,0.22000000000002728,ER0,V,arrive,AY,1,1,852.4156574822422,1768.8800255572828,2312.6673980091387
IsabelChen_UC92p1kGFfaj3wWr5wymfXtA_00CUlfhRTPk.wav,AY1,220.006,220.096,0.09000000000000341,M,HH,my,AY,1,1,848.2803816280611,1570.187679465254,1632.9499357760083
IsabelChen_UC92p1kGFfaj3wWr5wymfXtA_00CUlfhRTPk.wav,AY1,220.236,220.336,0.10000000000002274,HH,S,high,AY,1,1,823.7230787376276,2030.729945781127,2628.8472324106942
IsabelChen_UC92p1kGFfaj3wWr5wymfXtA_00CUlfhRTPk.wav,AY1,221.929,222.039,0.10999999999998522,,M,i'm,AY,1,1,1090.4697010402751,1715.7718652921915,2511.1046676574733
IsabelChen_UC92p1kGFfaj3wWr5wymfXtA_00CUlfhRTPk.wav,AY1,228.716,228.836,0.12000000000000455,L,K,liking,AY,1,1,929.8171820118517,2090.248711929078,3315.476820910007
IsabelChen_UC92p1kGFfaj3wWr5wymfXtA_00CUlfhRTPk.wav,AY1,231.536,231.706,0.1699999999999875,P,T,despite,AY,1,1,781.7576387866186,1795.0373844277829,2554.8472960038225
IsabelChen_UC92p1kGFfaj3wWr5wymfXtA_00CUlfhRTPk.wav,AY1,239.492,239.552,0.060000000000002274,L,K,like,AY,1,1,1171.6360666402904,1953.372309668102,3428.9205320235083
IsabelChen_UC92p1kGFfaj3wWr5wymfXtA_00CUlfhRTPk.wav,AY1,242.362,242.662,0.30000000000001137,T,M,time,AY,1,1,1000.789810050381,1616.7446435293532,2904.6945896749635
IsabelChen_UC92p1kGFfaj3wWr5wymfXtA_00CUlfhRTPk.wav,AY1,246.814,246.904,0.09000000000000341,,M,i'm,AY,1,1,1171.685412684585,1684.581708038805,1852.3903908270809
IsabelChen_UC92p1kGFfaj3wWr5wymfXtA_00CUlfhRTPk.wav,AY1,257.755,257.875,0.12000000000000455,M,B,my,AY,1,1,795.561664758937,1790.2382102238503,2627.820724775306
IsabelChen_UC92p1kGFfaj3wWr5wymfXtA_00CUlfhRTPk.wav,AY1,259.025,259.145,0.12000000000000455,L,K,like,AY,1,1,530.0928952097993,1845.562644408399,2837.2744086511493
IsabelChen_UC92p1kGFfaj3wWr5wymfXtA_00CUlfhRTPk.wav,AY1,263.87,263.97,0.10000000000002274,L,K,like,AY,1,1,661.8228466484675,1326.8822659180653,1749.7579851915723
IsabelChen_UC92p1kGFfaj3wWr5wymfXtA_00CUlfhRTPk.wav,AY1,266.37,266.49,0.12000000000000455,M,F,my,AY,1,1,879.650871399956,1873.9039603894682,1915.229006759558
IsabelChen_UC92p1kGFfaj3wWr5wymfXtA_00CUlfhRTPk.wav,AY1,271.146,271.276,0.12999999999999545,OW1,M,i,AY,1,1,953.6591302262428,1547.4733708558813,2976.223217295373
IsabelChen_UC92p1kGFfaj3wWr5wymfXtA_00CUlfhRTPk.wav,AY1,271.676,271.806,0.12999999999999545,T,W,taiwan,AY,1,1,799.8574667329399,1956.1591026613596,2352.5156171164404
IsabelChen_UC92p1kGFfaj3wWr5wymfXtA_00CUlfhRTPk.wav,AY1,371.506,371.596,0.09000000000003183,M,B,my,AY,1,1,756.3538341037569,1894.131379229302,2627.7913555770133
IsabelChen_UC92p1kGFfaj3wWr5wymfXtA_00CUlfhRTPk.wav,AY1,372.486,372.596,0.11000000000001364,,W,i,AY,1,1,567.4144941726827,1829.825877432494,2819.2028875983137
IsabelChen_UC92p1kGFfaj3wWr5wymfXtA_00CUlfhRTPk.wav,AY1,377.406,377.496,0.08999999999997499,T,M,time,AY,1,1,915.7656798753777,1629.844633939018,2213.4485915096193
IsabelChen_UC92p1kGFfaj3wWr5wymfXtA_00CUlfhRTPk.wav,AY1,379.368,379.548,0.18000000000000682,,M,i'm,AY,1,1,832.7050324953301,1143.1481283249702,2114.0050150796446
IsabelChen_UC92p1kGFfaj3wWr5wymfXtA_00CUlfhRTPk.wav,AY1,382.778,382.898,0.12000000000000455,HH,S,high,AY,1,1,804.5822092264156,1904.6106185646406,2528.9255633663556
IsabelChen_UC92p1kGFfaj3wWr5wymfXtA_00CUlfhRTPk.wav,AY1,386.838,386.928,0.08999999999997499,,D,i,AY,1,1,623.6275968599322,1645.1072599598663,2115.777986686785
IsabelChen_UC92p1kGFfaj3wWr5wymfXtA_00CUlfhRTPk.wav,AY1,387.598,387.688,0.08999999999997499,T,W,i,AY,1,1,838.4200842374245,1911.5356795339842,2662.4233346726
IsabelChen_UC92p1kGFfaj3wWr5wymfXtA_00CUlfhRTPk.wav,AY1,388.548,388.658,0.11000000000001364,L,K,like,AY,1,1,773.4059875406498,1781.7639394736743,2086.421674869527
IsabelChen_UC92p1kGFfaj3wWr5wymfXtA_00CUlfhRTPk.wav,AY1,389.456,389.576,0.12000000000000455,L,F,lifelong,AY,1,1,716.0819454220702,1827.0956699209044,2291.644625935218
IsabelChen_UC92p1kGFfaj3wWr5wymfXtA_00CUlfhRTPk.wav,AY1,395.556,395.966,0.410000000000025,L,V,lives,AY,1,1,867.4248198000599,1533.6962010447276,1972.4574846063156
IsabelChen_UC92p1kGFfaj3wWr5wymfXtA_00CUlfhRTPk.wav,AY1,471.892,472.002,0.11000000000001364,,W,i,AY,1,1,584.3661306296972,1794.444191143373,2999.9480024785785
IsabelChen_UC92p1kGFfaj3wWr5wymfXtA_00CUlfhRTPk.wav,AY1,473.892,473.992,0.10000000000002274,T,AE2,i,AY,1,1,817.4308811638183,1882.7919099629794,2011.8630226339228
IsabelChen_UC92p1kGFfaj3wWr5wymfXtA_00CUlfhRTPk.wav,AY1,475.562,475.702,0.13999999999998636,P,S,spicy,AY,1,1,806.2824117444655,1844.599770516874,2482.649439967725
IsabelChen_UC92p1kGFfaj3wWr5wymfXtA_00CUlfhRTPk.wav,AY1,479.802,479.922,0.12000000000000455,M,F,my,AY,1,1,879.7028637808558,1915.1084246919002,2517.666384111981
IsabelChen_UC92p1kGFfaj3wWr5wymfXtA_00CUlfhRTPk.wav,AY1,481.548,481.668,0.12000000000000455,M,F,my,AY,1,1,1015.948584714412,1803.9946406957,2866.517581375286
IsabelChen_UC92p1kGFfaj3wWr5wymfXtA_00CUlfhRTPk.wav,AY1,485.158,485.268,0.1099999999999568,M,D,my,AY,1,1,801.372543042032,2176.9878903853614,2225.0207488683386
IsabelChen_UC92p1kGFfaj3wWr5wymfXtA_00CUlfhRTPk.wav,AY1,485.908,485.988,0.07999999999998408,M,B,my,AY,1,1,601.4660023664635,1784.7183521165807,2824.2279733805694
IsabelChen_UC92p1kGFfaj3wWr5wymfXtA_00CUlfhRTPk.wav,AY1,486.498,486.768,0.2699999999999818,R,D,cried,AY,1,1,932.4961030893568,1477.833234151533,1848.8873022070409
IsabelChen_UC92p1kGFfaj3wWr5wymfXtA_00CUlfhRTPk.wav,AY1,487.608,487.748,0.13999999999998636,N,S,nice,AY,1,1,841.0848668055851,2076.2999256770004,2907.7112283369383
IsabelChen_UC92p1kGFfaj3wWr5wymfXtA_00CUlfhRTPk.wav,AY1,505.626,505.696,0.07000000000005002,M,B,my,AY,1,1,651.3210628048698,1642.3971924913426,2407.063330824707
IsabelChen_UC92p1kGFfaj3wWr5wymfXtA_00CUlfhRTPk.wav,AY1,525.222,525.712,0.4900000000000091,B,,bye,AY,1,1,1116.4434893227196,1865.3551629274116,2984.5035212100024
IsabelChen_UC92p1kGFfaj3wWr5wymfXtA_00CUlfhRTPk.wav,AY1,526.502,526.952,0.4500000000000455,B,,bye,AY,1,1,1116.2962920263951,1734.8301876107619,2272.2206721471216
IsabelChen_UC92p1kGFfaj3wWr5wymfXtA_00CUlfhRTPk.wav,AY1,543.69,543.82,0.12999999999999545,EY1,F,i,AY,1,1,875.3870544636568,1820.971972847978,2285.5823283188643
IsabelChen_UC92p1kGFfaj3wWr5wymfXtA_00CUlfhRTPk.wav,AY1,545.5,545.6,0.10000000000002274,B,M,by,AY,1,1,713.7960555055508,1768.5784460733992,2693.9337949946416
IsabelChen_UC92p1kGFfaj3wWr5wymfXtA_00CUlfhRTPk.wav,AY1,547.1,547.2,0.10000000000002274,M,F,my,AY,1,1,813.4901570033635,1952.7437907877497,2501.453005778163
IsabelChen_UC92p1kGFfaj3wWr5wymfXtA_00CUlfhRTPk.wav,AY1,551.5147,551.7147,0.20000000000004547,L,AE1,i,AY,1,1,609.9483161164751,1660.2628769988462,2074.6028239357806
IsabelChen_UC92p1kGFfaj3wWr5wymfXtA_00CUlfhRTPk.wav,AY1,555.5589,555.6389,0.08000000000004093,Z,M,i,AY,1,1,578.4244782349947,1386.08677581675,1957.5723485084538
IsabelChen_UC92p1kGFfaj3wWr5wymfXtA_00CUlfhRTPk.wav,AY1,556.0689,556.2589,0.19000000000005457,,,i,AY,1,1,1093.91949455528,1682.2122472665092,2259.731869175898
IsabelChen_UC92p1kGFfaj3wWr5wymfXtA_00CUlfhRTPk.wav,AY1,557.1189,557.2489,0.12999999999999545,M,F,my,AY,1,1,717.8448261986869,1885.764447000382,1948.517525151564
IsabelChen_UC92p1kGFfaj3wWr5wymfXtA_00CUlfhRTPk.wav,AY1,558.685,558.815,0.13000000000010914,,W,i,AY,1,1,1133.3333277118272,1567.9374746462506,2305.535641044503
IsabelChen_UC92p1kGFfaj3wWr5wymfXtA_00CUlfhRTPk.wav,AY1,562.665,562.835,0.17000000000007276,,TH,i,AY,1,1,823.9143072288598,1750.256842580873,2156.2314338596816
IsabelChen_UC92p1kGFfaj3wWr5wymfXtA_00CUlfhRTPk.wav,AY1,568.5694,568.6294,0.06000000000005912,R,N,tryna,AY,1,1,1127.4612422438513,1445.6633369473022,2300.4691163338507
IsabelChen_UC92p1kGFfaj3wWr5wymfXtA_00CUlfhRTPk.wav,AY1,569.3694,569.4494,0.07999999999992724,L,K,like,AY,1,1,718.7811446010566,1392.2859985290552,1748.492574182249
IsabelChen_UC92p1kGFfaj3wWr5wymfXtA_00CUlfhRTPk.wav,EY1,9.118,9.268,0.15000000000000036,D,DH,today,EY,1,1,578.8599778902067,2413.4624019954126,2504.4778871540498
IsabelChen_UC92p1kGFfaj3wWr5wymfXtA_00CUlfhRTPk.wav,EY1,13.698,13.778,0.08000000000000007,R,T,grateful,EY,1,1,520.178646357265,2102.643051049741,2493.804979828014
IsabelChen_UC92p1kGFfaj3wWr5wymfXtA_00CUlfhRTPk.wav,EY1,19.034,19.184,0.15000000000000213,N,SH,explanation,EY,1,1,517.7391515338438,2710.8898696707233,3008.34150482307
IsabelChen_UC92p1kGFfaj3wWr5wymfXtA_00CUlfhRTPk.wav,EY1,20.204,20.534,0.3299999999999983,D,Z,days,EY,1,1,576.2459661319521,1462.443429041957,2565.6969639318254
IsabelChen_UC92p1kGFfaj3wWr5wymfXtA_00CUlfhRTPk.wav,EY1,25.986,26.036,0.05000000000000071,R,T,grateful,EY,1,1,432.82911696005294,2051.1109875341567,2325.780256532616
IsabelChen_UC92p1kGFfaj3wWr5wymfXtA_00CUlfhRTPk.wav,EY1,142.79,142.86,0.0700000000000216,Z,B,able,EY,1,1,479.36862741927956,1887.9096068972565,2721.1214220411807
IsabelChen_UC92p1kGFfaj3wWr5wymfXtA_00CUlfhRTPk.wav,EY1,146.756,146.936,0.18000000000000682,,B,able,EY,1,1,543.17267359123,2593.565046781127,2894.2508058095327
IsabelChen_UC92p1kGFfaj3wWr5wymfXtA_00CUlfhRTPk.wav,EY1,148.096,148.236,0.13999999999998636,S,F,safely,EY,1,1,542.5336521234199,2494.788592181662,2870.041453745062
IsabelChen_UC92p1kGFfaj3wWr5wymfXtA_00CUlfhRTPk.wav,EY1,222.389,222.489,0.09999999999999432,R,T,grateful,EY,1,1,478.73694138985485,1037.6543921959003,2270.9716169559188
IsabelChen_UC92p1kGFfaj3wWr5wymfXtA_00CUlfhRTPk.wav,EY1,232.836,232.966,0.12999999999999545,K,SH,complications,EY,1,1,455.8504658899698,2278.801498968031,2809.754983447744
IsabelChen_UC92p1kGFfaj3wWr5wymfXtA_00CUlfhRTPk.wav,EY1,259.675,259.815,0.13999999999998636,L,IH0,playing,EY,1,1,717.354252829901,2077.470723139331,2961.828943754843
IsabelChen_UC92p1kGFfaj3wWr5wymfXtA_00CUlfhRTPk.wav,EY1,262.82,263.0,0.18000000000000682,M,Z,amazing,EY,1,1,524.2403661304348,1688.5617041790758,2716.8775767440243
IsabelChen_UC92p1kGFfaj3wWr5wymfXtA_00CUlfhRTPk.wav,EY1,374.216,374.296,0.07999999999998408,K,M,came,EY,1,1,534.3394612607035,2398.789979378565,3130.812036754217
IsabelChen_UC92p1kGFfaj3wWr5wymfXtA_00CUlfhRTPk.wav,EY1,383.818,384.028,0.21000000000003638,N,TH,eighth,EY,1,1,476.1983715314716,2710.6173460636765,3210.0544432368856
IsabelChen_UC92p1kGFfaj3wWr5wymfXtA_00CUlfhRTPk.wav,EY1,384.148,384.218,0.06999999999999318,R,D,grade,EY,1,1,486.6364494857732,2047.1224828021561,2589.2841263879877
IsabelChen_UC92p1kGFfaj3wWr5wymfXtA_00CUlfhRTPk.wav,EY1,384.688,384.858,0.17000000000001592,K,M,came,EY,1,1,509.56249086955376,2639.1147163465093,2977.114790129289
IsabelChen_UC92p1kGFfaj3wWr5wymfXtA_00CUlfhRTPk.wav,EY1,402.35,402.47,0.12000000000000455,B,S,base,EY,1,1,440.2253372418369,1392.9085568864946,2731.2919635834783
IsabelChen_UC92p1kGFfaj3wWr5wymfXtA_00CUlfhRTPk.wav,EY1,466.446,466.746,0.2999999999999545,D,Z,days,EY,1,1,614.6851507427778,2447.452754749145,3047.970560290379
IsabelChen_UC92p1kGFfaj3wWr5wymfXtA_00CUlfhRTPk.wav,EY1,467.278,467.388,0.1099999999999568,L,T,later,EY,1,1,534.8177003395008,2396.2667169406604,2832.0795359941217
IsabelChen_UC92p1kGFfaj3wWr5wymfXtA_00CUlfhRTPk.wav,EY1,469.248,469.338,0.09000000000003183,R,T,great,EY,1,1,553.9543526106163,2058.681487955731,2291.2937319630364
IsabelChen_UC92p1kGFfaj3wWr5wymfXtA_00CUlfhRTPk.wav,EY1,473.582,473.712,0.12999999999999545,L,S,place,EY,1,1,634.747620455264,2228.300340660266,2610.604056571179
IsabelChen_UC92p1kGFfaj3wWr5wymfXtA_00CUlfhRTPk.wav,EY1,478.912,478.972,0.060000000000002274,L,T,later,EY,1,1,557.1169923471281,2016.5030683047835,2054.3856759991113
IsabelChen_UC92p1kGFfaj3wWr5wymfXtA_00CUlfhRTPk.wav,EY1,480.092,480.182,0.09000000000003183,F,V,favorite,EY,1,1,356.55987338094764,2106.901501442469,2738.1254112810284
IsabelChen_UC92p1kGFfaj3wWr5wymfXtA_00CUlfhRTPk.wav,EY1,481.788,481.868,0.07999999999998408,F,V,favorite,EY,1,1,542.8116521190623,2488.5152912354806,2947.960623548603
IsabelChen_UC92p1kGFfaj3wWr5wymfXtA_00CUlfhRTPk.wav,EY1,526.262,526.372,0.11000000000001364,S,B,say,EY,1,1,698.3877531005037,2490.521079585551,2596.221215760812
IsabelChen_UC92p1kGFfaj3wWr5wymfXtA_00CUlfhRTPk.wav,EY1,543.51,543.69,0.18000000000006366,D,AY1,day,EY,1,1,679.6753074517577,2014.7181560634424,2548.08482534008
IsabelChen_UC92p1kGFfaj3wWr5wymfXtA_00CUlfhRTPk.wav,EY1,559.025,559.115,0.09000000000003183,Z,B,able,EY,1,1,501.07240856628874,2180.797278970221,2521.821132517579
IsabelChen_UC92p1kGFfaj3wWr5wymfXtA_00CUlfhRTPk.wav,EY1,560.125,560.255,0.12999999999999545,F,S,facetime,EY,1,1,427.1721775432242,904.1641921322631,2788.542991091676
IsabelChen_UC92p1kGFfaj3wWr5wymfXtA_00CUlfhRTPk.wav,OW1,15.938,16.368,0.42999999999999794,S,,so,OW,1,1,638.0281123668593,1372.0255161032271,2744.4126286171777
IsabelChen_UC92p1kGFfaj3wWr5wymfXtA_00CUlfhRTPk.wav,OW1,26.896,26.996,0.09999999999999787,HH,P,hope,OW,1,1,495.0962166180668,1725.046081466799,2916.0439599192605
IsabelChen_UC92p1kGFfaj3wWr5wymfXtA_00CUlfhRTPk.wav,OW1,133.308,133.548,0.2400000000000091,N,DH,know,OW,1,1,633.1436827896481,1485.3816296860475,1690.2747373258114
IsabelChen_UC92p1kGFfaj3wWr5wymfXtA_00CUlfhRTPk.wav,OW1,148.736,148.916,0.18000000000000682,HH,M,home,OW,1,1,847.9471586012239,1336.2653333057308,2859.952589935508
IsabelChen_UC92p1kGFfaj3wWr5wymfXtA_00CUlfhRTPk.wav,OW1,235.975,236.045,0.06999999999999318,L,S,close,OW,1,1,503.2563962587979,1390.803726851882,2879.3290533759064
IsabelChen_UC92p1kGFfaj3wWr5wymfXtA_00CUlfhRTPk.wav,OW1,236.985,237.055,0.06999999999999318,DH,W,though,OW,1,1,906.3886717983164,1768.0792669399416,2598.938207308034
IsabelChen_UC92p1kGFfaj3wWr5wymfXtA_00CUlfhRTPk.wav,OW1,237.215,237.285,0.06999999999999318,D,N,don't,OW,1,1,602.5015543822348,1377.4694808858246,2901.6155236512827
IsabelChen_UC92p1kGFfaj3wWr5wymfXtA_00CUlfhRTPk.wav,OW1,239.882,239.972,0.09000000000000341,DH,Z,those,OW,1,1,475.6192686204091,1625.707169021847,3010.271314255714
IsabelChen_UC92p1kGFfaj3wWr5wymfXtA_00CUlfhRTPk.wav,OW1,241.002,241.112,0.10999999999998522,D,N,don't,OW,1,1,796.7933956994245,1597.0925812605713,3051.911971318979
IsabelChen_UC92p1kGFfaj3wWr5wymfXtA_00CUlfhRTPk.wav,OW1,247.084,247.184,0.09999999999999432,S,TH,so,OW,1,1,524.6318822155088,1669.100499542688,2916.0430543554876
IsabelChen_UC92p1kGFfaj3wWr5wymfXtA_00CUlfhRTPk.wav,OW1,253.204,253.284,0.07999999999998408,HH,S,hosting,OW,1,1,652.1579272966814,1451.8587358511384,2715.0169281566073
IsabelChen_UC92p1kGFfaj3wWr5wymfXtA_00CUlfhRTPk.wav,OW1,254.825,254.995,0.17000000000001592,S,F,so,OW,1,1,716.7705303713107,1635.4686116938046,2766.7055897334512
IsabelChen_UC92p1kGFfaj3wWr5wymfXtA_00CUlfhRTPk.wav,OW1,256.575,256.735,0.160000000000025,DH,IH0,though,OW,1,1,696.3048557483676,1643.3636776965336,2705.4865266846
IsabelChen_UC92p1kGFfaj3wWr5wymfXtA_00CUlfhRTPk.wav,OW1,261.555,262.185,0.6299999999999955,S,,so,OW,1,1,644.2348279906502,1246.7903406979,2709.1645909188587
IsabelChen_UC92p1kGFfaj3wWr5wymfXtA_00CUlfhRTPk.wav,OW1,271.106,271.146,0.040000000000020464,DH,AY1,though,OW,1,1,821.9301824315992,1353.5436149455911,1605.9994122076819
IsabelChen_UC92p1kGFfaj3wWr5wymfXtA_00CUlfhRTPk.wav,OW1,272.206,272.336,0.12999999999999545,S,M,so,OW,1,1,916.4663435331177,1672.4443848311769,2441.6859762192644
IsabelChen_UC92p1kGFfaj3wWr5wymfXtA_00CUlfhRTPk.wav,OW1,372.896,372.986,0.08999999999997499,S,HH,so,OW,1,1,683.5254164531228,1633.7634466640743,2828.853108154463
IsabelChen_UC92p1kGFfaj3wWr5wymfXtA_00CUlfhRTPk.wav,OW1,379.898,380.248,0.3499999999999659,S,TH,so,OW,1,1,599.985837693176,1451.6852968808166,2634.2377109051404
IsabelChen_UC92p1kGFfaj3wWr5wymfXtA_00CUlfhRTPk.wav,OW1,384.918,385.028,0.11000000000001364,M,V,over,OW,1,1,506.0724002922368,1247.0308347256048,2838.454218371476
IsabelChen_UC92p1kGFfaj3wWr5wymfXtA_00CUlfhRTPk.wav,OW1,387.308,387.448,0.13999999999998636,N,DH,know,OW,1,1,746.9621446896971,1396.573109319883,2750.321986406361
IsabelChen_UC92p1kGFfaj3wWr5wymfXtA_00CUlfhRTPk.wav,OW1,391.076,391.216,0.13999999999998636,S,TH,so,OW,1,1,750.6359525125405,1757.2547831213328,2652.8205626442054
IsabelChen_UC92p1kGFfaj3wWr5wymfXtA_00CUlfhRTPk.wav,OW1,392.596,392.676,0.07999999999998408,S,M,so,OW,1,1,605.9795535419171,1622.7003885674662,2945.415408115554
IsabelChen_UC92p1kGFfaj3wWr5wymfXtA_00CUlfhRTPk.wav,OW1,398.33,398.43,0.10000000000002274,N,DH,know,OW,1,1,612.8763445086219,1386.9793914161078,1944.7215740188917
IsabelChen_UC92p1kGFfaj3wWr5wymfXtA_00CUlfhRTPk.wav,OW1,472.502,472.622,0.12000000000000455,G,T,go,OW,1,1,548.477224841253,1523.1217995890374,2581.2539659288636
IsabelChen_UC92p1kGFfaj3wWr5wymfXtA_00CUlfhRTPk.wav,OW1,477.382,477.792,0.40999999999996817,S,F,so,OW,1,1,595.8291670022271,1135.9145608203573,2183.827737523308
IsabelChen_UC92p1kGFfaj3wWr5wymfXtA_00CUlfhRTPk.wav,OW1,487.448,487.528,0.08000000000004093,S,N,so,OW,1,1,696.8064612384917,1562.7941112080464,2455.9027902176845
IsabelChen_UC92p1kGFfaj3wWr5wymfXtA_00CUlfhRTPk.wav,OW1,503.736,503.906,0.17000000000001592,G,,go,OW,1,1,515.857503060917,1299.909300620443,2680.28404676587
IsabelChen_UC92p1kGFfaj3wWr5wymfXtA_00CUlfhRTPk.wav,OW1,544.84,545.1,0.2599999999999909,L,N,alone,OW,1,1,1011.2923588228807,1350.2978752772726,2938.2228387169994
IsabelChen_UC92p1kGFfaj3wWr5wymfXtA_00CUlfhRTPk.wav,OW1,550.3947,550.4447,0.05000000000006821,SH,D,showed,OW,1,1,645.089497913778,1618.1394979167937,2451.407556760668
IsabelChen_UC92p1kGFfaj3wWr5wymfXtA_00CUlfhRTPk.wav,OW1,553.2089,553.3189,0.11000000000001364,S,M,so,OW,1,1,694.3205129356764,1414.603529275268,2664.94505324783
IsabelChen_UC92p1kGFfaj3wWr5wymfXtA_00CUlfhRTPk.wav,OW1,554.8689,554.8989,0.029999999999972715,S,M,so,OW,1,1,559.3610057171538,1369.1340807807994,3343.750241788066
IsabelChen_UC92p1kGFfaj3wWr5wymfXtA_00CUlfhRTPk.wav,OW1,574.1414,574.2814,0.13999999999998636,S,TH,so,OW,1,1,567.0489194215987,1884.4120479811897,2842.7897875112535
IsabelChen_UC92p1kGFfaj3wWr5wymfXtA_00CUlfhRTPk.wav,OW1,574.8514,574.9414,0.09000000000003183,S,M,so,OW,1,1,568.5703173398543,1764.4030655806905,2363.3759052820164
IsabelChen_UC92p1kGFfaj3wWr5wymfXtA_00CUlfhRTPk.wav,OY1,27.536,27.666,0.129999999999999,JH,DH,enjoy,OY,1,1,540.7670599223018,1728.0085997358276,2428.203719791514
